type_id	combinations
1	2,3,4,8,15,21,41,158
2	1,3,4,5,8,15,41,158,1910
2B	1,4,5,1954,122,1979,482,1987,224
2D	2,4,5
3	1,2,4,5,15,30,41
4	1,2,3,5,15,30,34,41,47A,47B,100
5	1,2,3,4,5,15,37,41,66A,66B
6	56A,61
8	1,2,5,6,8,1889,67,70,239,241,385,390,1999
8*	1,2,8
9	1,3,4,15,47A
15	1,2,3,4,5,34,41,47A,210
20A	20C,21,136A,154,223,1889,81,84
20C	20A,21,65,130,2010IA,19,237,1933,19,2,1934,40,185,1980,274,6,1990
20D*	20A
21	15,20A,20C
30	1,2,3,4,47D
31	20A,127B
32	34
33	41,105,1979,213,367,11,2,2004,608,618
34	1,3,4,5,8,15,32,41,49,49A,74C,78A,122,122A,123,154,175,1530
38	151,157A,1159
41	1,2,4,34,100
47A	1,2,3,4,15,47B,122A,154
47B	122A,122N
47D	30,100,101
56A	6,56B,56D,225
56B	56A,154,223,248
56D	56A
56A*	56A,1969,2173,2176,1976,1987,206,1992,109
57	56A,225
60	41,225
61	6
62	20D
65	20C,2032
68	175
73	5,184,1981,35
74C*	34,175
75	157A
78	126,1964,187,1999
78A	175
80	43,130A
85	2022
100	2,3,4,5,101,102,103,122A,122M
101	100,102,103
102	100,101,103,1979,271,6,6,1990,1350,1354
103	9,41,100,101,102,103,103A,130,200
103A	103
103C*	78,125B,275,1060
107	200
118	47B,10,2002
121	152A,157,1875,530,3,1979,518,16
122A	47B,122C,122K,1149,206,209,1924,87,1925,58,124,128,1969,5354,1979,21,4,157,4,1987,598
122C	47A,47B,122A,122B,122K,123
122F	47A,47B,122A,122M,1149
122K*	4,47A,47B,122A,122C
122M*	47B,100,122A,122F,122N,130,1979,161
122N*	47B,122M,191,6,120,1968,28,1987,124,249
123	4,34,122C,212,333
125	3,130
126	78,125,126A,130,1149,160,1,1930,134,1964,189,1969,1987,503,585,97,1999
126A*	126,130,1979
127B*	31,1964,190,1978
130	41,103,125,126A,210,2021,1913,237,259,31,37,1964,190,1968,460,1975,1979,197,1987,336,1990,1995,121,125,1996,44,47,1997,69,74,1999
130B	126A
136A*	20A
150	154
151	326,1910,1964,190,1968,90,3,1981,1261,1271
152A*	121
154	1,5,6,20,20A,34,155,223,1030
155	154,331
157	38,121,157A
158	1,2,1655
175	8,34,49A,72,74C,78A,1310A,1530,1899,26,45,1930,1937,1938,1944,1999
177	1640
178A	916
178B	916,1941
178C	916,122,115,289,173,2004,10
200	102,103,110,200A,200B
200A	34,200,200B
200B	200,200A
200C*	200,129
207A	670
210	125,130,2021,1913,75,79,375,1995,592,594,1997,45,1986,1926,1977,1961,1963,2003,1943,1932,1993,242,1996,10,41,2000,2001,1975
212	123,563,2015
217	314,550,888A
219E*	715,6,1990,33
221	220
221A	221,221B
221B	221,221A
222	313,537
222B	313,537
223	1,6,56,56A,56B,154
225	56,56A,60,122,122J,226,537,269,271,1969,1832,4,1984,1290,1295,1999
226	58,91,122J,225,4,1984,1290,1295
227	47B,122A,122B,354,206,210,2,1934,40,1987,616,652,5,1987,486,489
248	56B,61,715
275B	9,9A
285	285A,672
295	2034
300	301,302,303,304,314,314A,315,326,554,567,590,327,327A,400,425C,465,502,505,511A,516,516B,530,531,550,650A,935,1115,1640,1910,57,528,556,22,333,80,113,130,1959,240,242,1968,1968,90,1980,282,3,1981,787,820,1995,57,62,177,182,201,204,261,265,413,417,751,755,765,768,1142,1145,1997,105,110,1998,1999,2002,119,130,2004,379
300A	300,303,513A,531,301,302,321,408,519,550,554,571,650A
301	300,302,313,400,550,650A,300A,303,304,312D,314,327B,400,402,506,513A,516,530,1060,1088,1115,1910,348,292,296,326,543,546,297,318,274,1915,1916,1956,1968,1968,1969,1969,1970,1971,1,1977,1232,1235,1979,1982,1983,1987,510,514,1995,113,116,177,182,273,278,530,534,844,847,1192,1195,1244,1247,1995,1997,289,292,1998,1999,2002,352,357,10,2002,1363,1369,2004,417
302	300,301,303,303A,304,313,316,400,425,516,518,552,552A,554,665,302B,314,461,465,513,550,348,158,161,190,199,424,443,1915,1959,241,242,1979,387,388,5,1982,1989,6,1990,929,933,1995,146,150,167,170,218,220,480,483,759,761,1240,1243,1301,1304,1325,1328,1364,1368,1406,1409,1421,1423,1997,304,308,1998,1999
302B	302,303,516
302C*	317,552,554,556F,1,1977,1381,1383,1995,597,601,731,736,853,856,1998
303	300,302,314,304,313,315,318,327B,513A,550,554,705A,1000,1003,1006,1051,1052,1072,1088,1120,567,348,175,181,303,305,528,556,1,1930,33,338,340,1930,113,130,1959,1968,90,1972,2,1979,912,919,1984,1995,1995,83,85,658,660,671,674,1364,1368,1454,1461,1997,380,384,1998,1999,2002,2002,246,251,450,453,11,1,2003
303A	300,302,314,327B,328,513A,531,550,1119,329,431,443,2,1979,887,902,1995,1301,1304,1325,1328,1998,1896,129,1918
304	300,302,303,552
306	307,505,507,518,412,437,78,84,1981,144,149,1995,667,670,1204,1207,1332,1335,1434,1436,1441,1444,1998,1999,2000,119,121,2002,174,194
307	306,507,518
310	313,327A,402
311	312,313,403,857,955,956B,370,375,398,412,56,1937,1995,80,83,141,144,167,170,317,321,480,483,1050,1052,1108,1111,8,1996,1407,1413,1997,63,66,1998,2000,97,100
312	311,313
312D	301,650A
313	222B,300,301,302,303,303A,310,311,312,314,315,325,327A,327B,329,400,402,408,425,450,480,502,511,518,531,537,552,563,707,884,1115,1119,116,161,175,498,503,77,79,140,146,516,527,406,417,1930,1933,1959,1968,86,459,132,134,1984,1992,1992,1995,62,66,261,265,326,330,372,374,375,378,378,380,536,540,784,786,883,885,946,949,991,993,1217,1220,1234,1237,1351,1352,1363,1364,1997,213,218,1998,9,1999,13,19,1999,313C,2000,72,78,2002,151,166
314	217,300,303A,313,314A,315,321,325,327,327B,400,441,475,502,511,530,530A,531,550,552A,551,554,590,613,725,1049,1052,1060
314A	300,511,650A,935,112,114,6,1990,1079,1083,1995,631,633,765,768,1067,1071,1447,1449,1997,162,165,1998,1999
314A*	300,313,315,327
315	300,590,302,303,304,313,314,314A,318,327A
315A	313,314,315,590,1968,1992,155,200,1995,883,885,1067,1071,1998
316	302,329,665
317	300,302,314,400,551
318	301,302B,303,315,590
321	300A,301,314A,317,592,725,1159
325	313,314,400,945
325*	313,1172,60,66,1919,224,271,1961,63,701,707,1997,368,371,2002,35,38
326	300,328,330,400,505,563,569,650A,1061,1159,1535,1640
327	300,313,314,314A,328,700,1875,26,197,8A,1973,55,69,1977,2000
327A	327B,327C,328,300,303,310,313,315,407,450,510A,511,1119,1121
327B	327A,328,531,1119,301,303A,313,314,327C,1121
327C	327A,327B,327F,327G,328,700,1119,1121,1903,115,126,1953,93,95,7,1993,777,780,1995,611,614,856,860,1036,1039,1997,1998,1999,2003
327F	327A,327C,327G,42,1953,93,95,6,1990,992,994,1995,388,391,2003
327G	327A,327C,328,1119,1653
328	284,217,327A,327B,327C,531,1119,303A,314,326,327,1121,1122,1137
328*	300,530,6,1990,84
328A*	300A,302,513A
329	301,302,531,365,369,1953,1987,408,411,1995,530,534,627,629,637,642,656,658,860,863,1145,1147,1998,1999
330	326,332,592,753,785,804B,1159,1891,103,105,303,342,346,149,163,163,189,303,305,1938,1942,51,75,1968,95,1990,1992,1995,1033,1036,1997,330,334,1998,2000,2002,405,408
331	155,330,332
332	1199,326,330,331,334,1164,1187
333	123
334	332,333,42,375,377,2,1934,40,1953,93,95,1987,25,69,135,139,269,290,6,1990,617,620,1998,2001
335	332
360	361,812,1182,1697
361	360,475
363	365,407,955,1900,534,537,6,1934,35,812,823,1971,1980,278,207,1995,1247,1252,1998,284,229
365	363,407,1199A
400	302,313,402,518,554,810,936,300,301,303,304,314,325,326,329,402,425,465,505,516,530,531,550,552,566,569,590,707,1159,212A,212B,308,312,318,348,406,417,1959,1961,1962,1968,86,459,1980,1981,1983,1995,418,420,466,470,523,526,536,540,586,589,710,717,722,726,811,816,957,960,1234,1237,1421,1423,1997,225,229,9,1999,195,210,1998,400A,1999,10,2002,1351,1355,2002,151,173,2004,178,230,549
402	400,465,302,310,313,409A,425,425A,550,1880,30,38,466,468,2,1934,40,72,74,1959,127,131,1979,170,1991,1995,146,150,189,193,466,470,1348,1351,1378,1380,1997,92,96,1998,9,1999,433,437
403	480,510A,311,313,408,409,425,450,451,510B,511,533,707,709,1897,125,128,99,109,85,94,230,232,1,1930,33,307,311,1966,117,130,2,1979,730,738,1980,1980,1995,6,8,67,70,85,89,144,146,193,195,213,216,689,692,944,946,1321,1325,1371,1373,1383,1387,1449,1450,1998,403,1999
403C	409
404	412,347,463,278,285,89,91,1,1930,33,1963,93,2,1979,447,734,1995,674,677,1321,1325,1998,403
407	311,313,465,510B,652,707
408	310,313,314,400,403,425,451,510A,516,709
409	403,510B,1980
409A	402,403,408,1998
412	302,400,404,27,29,284,247
425	300,302,311,313,400,402,403,425A,425C,431,432,433B,440,441,451,510,706,707,857,205,1955,1968,94,460,1,1977,464,472,1989,1995
425A	300,301,313,402,425,425B,425C,425E,432,433B,441
425B	425A,425C,425E,433B,857
425C	300,425,425A
425D	425,425A,1955,313,317
425E	432
425M	857,1955,340,342,1998
431	480,510A
432	425,425A,425B,480,510A,510B,511,284,259
433B	408,425C,510A,720
434	400,425D,432,335
440	425,433B
442	425B,707,1,1930,33,1995,18,20
449	313,400,992A
450	313,327A,403,451,480,709
451	403,408,450,706,707,709
452B*	408
460A	461,1735
460B	460A
461	930,302,460B,531,550,563,1000,1002,1003,1008
465	400,569,882
470A	470,681
470B	400
471	470,750B,750
475	592,650A
480	403,510A,313,408,428,431,510,511,511A,709
480A	545A,1180,1199A,1,221,225,143,149,8,1996,1400,1402
500	501
501	500
502	300,314,313,314A,510,530,531,532,570,850
505	300,301,306,307,326,400,531,550,551,580,857
507	306,307,571,910,945,1115
510A	327A,403,480,510B,408,409,431,450,511,511A,707,923
510B	403,510A,511,706,923
511	300,313,314,314A,403,409,480,510A
513A	300A,725,857,900
513B	570,571,610
514	884
516	302,300,301,302B,303,400,408
517	671,781
518	302,306,400,566,567,313,552,552A,560,725,810
519	300A,303,315
530	314,300,301,302,313,314,314A,400,502,530A,531,550,551,675
530A	314,530
531	314,327B,328,550,554,300,300A,302,303A,313,400,465,502,505,513A,513C,516,530,551,567,590,1119
533	403
537	222B,222B,300,313,315
545D*	545A,812,1430,332,7,1993,1083,61,1995,838,840,1999,7
550	300,301,314,531,551,780,302,303,303A,304,329,400,461,505,513,516,530,707
551	314,531,780,300,301,313,314,505,530,550,554,567,590,968
552	302,302C,303A,317,400,425A,425C,518,554,560
554	300,302,400,531,303,313,314,317,329,402,465,513A,513B,551,552,552A,556F,560,570,610,613,667,673,131,134,19,29,426,429,165,40,1,1930,33,82,84,90,1,1930,33,253,255,1931,70,73,124,1935,134,1942,14,3,1981,287,299,1995,89,92,146,150,541,544,597,601,853,856,1240,1243,1301,1304,1325,1328,1380,1383,1406,1409,1998,1999,5,1999,2001,2001,81,83,202,11,1,2003,2004,380,383
555	303,563,1960G,19,138,148,18,8,1925,45,2,1934,40,129,131,1935,1942,5,1942,103,111,1968,9,442,1969,3650,1978,1980,4,1984,1232,1240,1984,41,46,1995,842,844,1307,1312,1997,277,279,1998,1999
559	571
560	561
561	560
562	566,1626
563	564,569,212,313,326,461,554,555,566,1541,1960G
564	480,503,563,591,613,675,735,954
565	715
566	518,567,569,302,306,400,560,562,563,567A,735
567	300,303,518,531,566,567A
567A	300,303,518,566,567
569	300,326,400,465,563,566,592,936,464,485,1980,1991,46,57,1995,397,403,966,969,1393,1396,1396,1398,1998,11,1,2003,213,219,284,339
570	513B,554,571,850,303,502,513A,610,851,853,857,1000,1115,1020C,267,274,1989,6,1990,558,563,1993,1995,574,577,1277,1280,1997,1998,1999
571	570,507,513A,513B,559,853,910,1610,1655,1696
571B	571,940,1358A,1359C,1537,1829
575	425D,461,566,881A
577	313,328,513A,570,650A,1960,1964,1,1977,972
580	505,551,566,1967,2,1979,86,88,1995,280,283,9,1999,1118
590	300,315,302,303,314,315A,318,400,531,551,613
591	564,565,569,1995,1133,1135,1998,1999,6,1999,138,43,2003,42,1974,1961,1984,26,61,1984,1963,1943,88,1932,1935,134,1975,65,1931,1953,173,1982,35,1963,32,1989,1,2004,2004,1989,1922,52,1971,1969,15,2004,284,349
592	300,330,475,569,650A,725,1000,1009,1045,1062,1072,1159,1653,1910
610	461,513B,517,550,554,570,671,725,1610,267,274,1931,1984,5,1987,443,447,6,1990,343,348,6,1990,558,563,1995,458,462,574,577,1277,1280,1998,115,116,1977
611	531,882,930,1060,1650,1651,5,1987,1125,1128
613	300,326,531,554,812,954,1535,1641,193,12,8,158,281,290,465,468,482,1916,1924,489,1925,14,1935,29,33,1968,379,443,446,481,1969,695,4283,1,1977,195,197,1979,391,2,461,7,1981,53,113,1995,74,78,1997,377,379,1998,1999,10,2000,970,972,2004,255,382,400
650A	300,301,1000,1063,300A,302,326,592,650B,820,1003,1004,1005,1007,1029,1045,1049,1050,1052,1060,1062,1072,1082,1084,1088,1115,1120,1130,1132,1535,1640,1881,1910
652	313,407
653	857,945,1525A
655	725,875,920C,976
665	301,301D,302,316,318,400,750A,1,1930,33,240,248,1951,1961,6,1990,1995,51,54,339,342,834,837,1043,1047,1047,1050,1244,1247,1998,1999,9,1999,215,218
667	302,316,325,505,552,554,665,10,2002,52,1961,1885,1,1958,4,115,1968,1962,2,1965,1967,110
670	207A,671
673	305,554
675	530,561,592,707,1115
677	910B,986
700	210,327,327B,327C,715,1115,1573
705A	123,300A,303,706,1984,4,1984,1211,1218,1988,1998,1999,5,12
705B	123,327B,327C,327F,327G,1984,4,1984,1211,1218,1988,1998
706	425,510B,707,709,710
706C	510B
707	451,706,709,303,313,400,425,510A,550,551,981
709	451,706,403,408,450,480,707,883A,450,464,56,69,117,130,1980,1983,1990,1995,1995,197,201,819,821,982,986,1127,1133,1427,1433,1997,334,339,1998,1999,2000,43,57,2002,57,79
710	894
711	306,720,1989,1995,667,670,1409,1411,1451,1454
712	881,883A
713	706,708,1959,1984,1986,46,53,2,1979,792,794
715	130,235C,565,715A,164,176,1933,6,1990,396,401,1995,1998,2000,107,109
715A	219E,565,715,258,1933,6,1990,396,401,1995,1998
720	780
725	314,513A,321,517,518,592,671,1925,35,1928,95,1969,293,3,3,1995,224,226,1217,1220,1998,10,2002,1413,1419
735	564,735A,947A,954,1968,90,261,264,272,5,1987,1305,1312,2000,80,82
735A	735
745A	753,947A
750A	330A
750D	516,750A,302,1968,83,207,216,19,1,1977,789,794,1980,280,1982,115,117,5,1987,718,727,7,1993,92,100
751C*	750B,1968,83
752A	750B,791,822,450,455,2,1979,1437,1440,7,1993,92,100,1997,411,415,10,2002,814,824
752C	650A,820,820A,2191,2203,1950,1,99,108
753	330,752A,753A,753,785,791
753A	330,753,753,785,101,73,149,163,2,1934,40,612,614,7,1993,92,100,8,1996,743,747,10,2002,814,824
753*	753,753A,758,3,9
774C	774D,774H,1898,303,308,35,36,1925,26,180,1968,109,6,1990,1292,1297,10,2002,814,824
774D	774C
774H	774C,174,176,10,2002,814,824
779F*	755,760
780	303,408,550,551,720,121,135,494,449,1894,79,98,49,139,148,260,276,1923,7,1935,36,1572,1577,1953,1963,48,54,1991,159,208,1995,1118,1121,1305,1307,1995,1997,430,432,21,37,1999
785	330,753,753A,752A,791,1157,112,1899,562,565,149,163,180,112,1924,57,2,1934,40,612,614,1935,108,110,1967,118,136,1968,82,95,139,442,1969,3295,717,1979,30,509,510,29,511,32,1987,281,1992,1208,8,1996,743,747,1999
785A	759,785,5,1895,63,6,1896,127,1899,77,1911,75,1924,57,2,1934,40,614,1951,1968,139,466,3,1981,1203,1207
791	822,752,752A,450,455,1968,29,138,405,445,2,1979,268,270,1437,1440
800	330A,1036,1063,1072,1084,1096,1869,1,230,1894,48,78,1903,110,1907,1,19,342,346,1933,1975,1991,10,2002,814,824
803	804B,875,1907,1937
804B	1072,1084,330,1062,1071,1525A,1,1977,1384,7,1993,1378,1380
810	400,518,1863,318,335,116,1954,470,472,1955,440,447,1959,176,184,27,61,243,253,1973,4,1984,806,813,7,1993,1247,1253,1995,710,717,800,906,909,1404
810A*	1187,1894,39,47,1932,1933,68,70,1955,1961,1965,45,48,1969,1,1977,1393,1397,1997,350,352,2001
811	756B,1,17,27,61,66,7,1993,1247,1253
812	360,361,545D,613,12,17,1969,214,5,1987,192,199,7,1993,1247,1253,1995,1187,1189,11,1,2003,275,280
813A	1175,1963,93
815	1130,420,2,1934,40,658,1964,1971,218,228,2,1979,6,1990,69,72,6,1990
821B	875,920A,922
822	752A,791,1893,43,1925,22,1969,4324,2,1979,1431,1437
824	571,5,1987
826	827
827	826,1907,97,102,1924,332,1924,291,296,1968,129,6,1990,694,698
831	460B,834,910,1590,1730,1740,10,2002,891,894
841	461,736,736A,745A,834,842,923,954,1535
850	570,300,502,571,592,853,900,1061,1159,464,528,531,1935,114,116,1962,90,102,1995,594,597,933,935,1059,1063,1063,1065,1159,1162,1296,1298,1425,1427,1998,1999,11,1,2003,286,294
851	570,300,314,400,507,900,930,992A,1681B,113,188,202,1932,1935,114,119,1962,90,102,1968,1969,4098,4307,4463,1980,281,1988,1993,1995,424,429,960,963,1997,371,374,1998,1999,1155,11,1,2003,286,294,2004,411
852	1960D,1960G,853,1882,1889E,1911A,1920C,1920F,1960,1960A,1960E,1960F,2014,2301,59,506,516,1954,1968,198,1,1977,1032,1384,2,1979,6,1990,241,8,1996,1274,1279,1997,371,374,2004,409,11,1,2003,436,443
853	570,571,850,852,12,1968,58,1969,105,1974,132,3,1981,933,935,1997,371,374,1999,11,1,2003,436,443
853A	851,853,1954,216,11,1,2003,436,443
857	653,900,311,425,513A,570
875	875A,921,922,821B,875B,875D,875E,876,879,920,920A,958,1533
875A	875,1533,59,17,1928,347,355,359,362,1992,37
879	875,883B,891,968
880	514,514,881,884,530,2,517,531,5,1987,168,186,1988,1989,284,503
881	513A,514,514,571,880,884,94,321,322A,322B,322C,160,324,5,1987,168,186,1988,1989,2002,105,109,2003,366,369,2004,163,306,384,512
882	217,465,881,890,978
883A	709,206,66,302,146,303,323,192,362,374,14,305,1968,34,445,5,1987,113,115,1995,1431,1433,8,1996,1402,1707,1998,1999,20
883B	879
888A	217,978
890	882,1534
891	930,1525G
891B*	983,1968,64,455,1992,471,2004,138,285,313
892	882
894	425A,710
900	513A,850,851,857
901	901B,1370
901B*	901
910A	910B,893,1000,1004,1029,1048,1062
910B	677,910A,300,460A,923B,930,986,157,36,444,136,1896,169,171,81,117,1969,70,3796,4111,1976,3,1981,1084,1093,1991,29,32,45,576,1996,61,65,1997,418,421,1998,11,1,2003,259,267,2004,440
916	178A,178C
920	875,921
920C	655
921	875,922B,920,921F,922
921A	920,921F,922B
921B	893,920,981,1381C
921B*	922,922B,1557,35,205,2,1979,185,188
921D*	1567C,367,6,1964,76,1,1977,399,2,1978,167,4,1984,1218,1222,1997,74,77
921E*	921F
921F*	465,921,921A,921E,922,922B,1968,118,222,464,5,1987,691,694
922	875,821B,850,851,920A,921,921A,924,927,950,1367,1590,1826
922A	875,921,981,207,1918,1928,374,392,1941,22,1968,179,200,418,471,474,1969,1,1977,53,59,1,1977,83,2004,409,284,555
922B	875,921A,921B,921F,922
923	510B,875,923A,923B
923B	910B,923,2004,473
925	754,1000,143,300,1923,362,1924,847,1968,235,476,1980,275,9,1999,1416,1420
926A	330,331,920
927	851,922,931
930	461,910K,284,569
935	300
936*	400
938A	706,710,253,255,264,1968,14,2,1979,205,208,1998
940	1737,1855A
945	653,325,507,653A,976,53,57,145,91,2,1934,40,638,640,1968,91,264,1977,9,1979,53,5,1987,1312,1318,187,189,1998,2002,478,481
947A	841,945A,947,532,323,1924,327,1968,77,264,276,477,5,1987,1305,1312
950	954,1525,1525A,1525D,1525E,1737
952	361,956B,1610,1689A,450,455,1968,164,221,223,228,475,8,1996,175,178,1997,339,344,1998
954	613,735,950,956B,1535
955	956B,311,312,954,370,375,1931,97,1987,233,238,1988,1995,890,892,904,906,963,965,1997,1998,1999,2000,100,102,11,1,2003,348,353
956	304,311,952,956B,191,5,85,329,1955
956B	955,311,312,363,954,1685,373,375,36,51,1984,1995,664,667,807,809,904,906,8,1996,1391,1400,1997,1998
960	780
961	1577,1968,91,5,1987,963,970,1977,597,1929,1931,24
974	301,302,400,480,518
976	655,945
980	981
981	707,921B,922A
982	1381E
986	677,910B,910K,923,923B,1615
992A	449,507,851
1000	650A,1001,1029,1049,1063,1088,1115,1120,1132,1563,1685,303,461,592,1036,1045,1050,1052,1060,1061,1116,1150,1535,1539,1561,1642,1643,1910,1920C,261,263,326,329,1982,1997,260,263,2002,234,240,2004,390
1001	1000,6,1990
1002	1000,1003,1012,1029,1120,1685,1997,260,263
1003	1000,1029,461,650A,1052,1060,1063,1072,1084,1088,1115,1116,1120,1130,1132,1563,1685
1004	1000,1029,1115,1563,650A,1036,1045,1048,1049,1050,1052,1060,1062,1088,1120,1132,1361,1535,1539,1685,1737,1982,1,9,1999,515,1999,1525P,2002,234,240
1005	1000,1029,1031,1049,1050,1052,1115,1130,1685
1006	1000,1029,1052,1115,1685,300A,301,303,570,1031,1050,1051,1063,1072,1088,1090,1121,1132,1162,1696
1006*	1000,1029,1116,1132
1007	650A,1000,1029,1120,1132,1653,1049,1060,1062,1063,1088,1115,1116,1361,1563,1642,1681B,1685,1910,1997
1008	1001,1029,461,1052,1115,1120,1132,1685,1997
1009	653,1000,1029,592,650A,1045,1063,1072,1120,1130,1132,1211,1285,1291,1291B,1381B,1387,1642,1643,1681B,1911,345,477,173,128,1992,877,1997
1010	1000,1029,1115,1561,1685,6,1990,1997
1011	1000,1029,1036,1062,1088,1563,327,1997
1012	1000,1029,1120,1050,1052,1060,1062,1063,1072,1115,1132,1150,1642,1685,150,1997
1012A	1000,1029,1120,1910
1013	1000,1029,1653,400,1291B,1537,1643,1681,1997,1979,518,16
1015	1007,1008,1010,1017,1997
1016	1000,1017,1997
1017	1000,1029,1685,1875,1997
1029	1000,1028,1115,1120,100,650A,1036,1045,1048,1049,1052,1060,1063,1085,1088,1116,1132,1150,1361,1563,1600,1642,1653,1681B,1685,151,29,33,47,61,106,5,1987,192,199,192,194,1997,2002,234,240
1030	1062,1063,9,41,154,1012,1082A,1090,1091,1095,1096,1130,1535
1030*	1642,1643
1031	1050,1052,1088,1115
1035	1000,1003,1007,1120,1132
1036	1000,1004,1029,1060,1062,1072
1045	1000,1029,1045,1049,1052,1060,1063,1071,1072,1084,1088,1115,1130,1149,1650,328
1048	1000,1029,1036,1062,1085
1049	1000,1029,1045,1063,1084,1088,1115,1149,1640,1072,1085,1153
1050	1000,1029,1640,1049,1052,1060,1063,1088,1115,1,1977,1374,1377
1051	1045,1063,1115,1640,303,1000,1003,1006,1072,1084,1120,1149,148,165,333,335,1,1977,1374,1377
1052	1000,1029,1031,1045,1049,1051,1060,1063,1085,1088,1115,148,165,1968,91,1,1977,1374,1377
1053	1045,1049,1051,1060,1149,333,335
1059*	1052
1060	1000,1029,1045,1070,1084,1088,1115,1149,1640,107,301,531,650A,1031,1121,1130,1133,1147,1150,1535,148,165
1061	850,1049,1052,1060,1088,1115,1159,462,1000,1003,1004,1012,1029,1036,1048,1062,1084,1085,1116,1121,1137,1162,1640,1875,528,531,1995,1296,1298
1062	1000,1063,1088,1115,1640,559,650A,1070,1072,1085,1116,1150,148,165,1968,91
1063	1000,1088,1115,1116,1121,1130,1132,1640,650A,800,804B,1091,1096,1149,1150,1159,1650,1651,86
1063A	1000,1029,1045,1049,1060,1061,1072,1088,1115,1640,64
1064	1049,1060,1088,1115,1640
1070	1045,1049,1051,1060,1062,1072,1084,1088,1115,1149,1640
1071	804B,1000,1045,1060,1063,1072,1082,1084,1130,1650
1072	650A,804B,1045,1052,1060,1062,1063,1071,1082,1084,1115,1130,1650,1979,518,16,1997
1073	1045,1071,1072,1082,1650,1652
1074	275A,275C,1063,1084,1085,1170
1082	804B,1045,1060,1062,1063,1071,1072,1084,1130,1650,1651,473,10,2002,929,932
1082A	1030
1083	1030,1060,1062,1071,1072
1083A	1036,1060,1063,1072,1083,1084
1084	804B,1045,1051,1052,1060,1063,1071,1072,1085,1115,1116,1149,1525A
1085	1000,1003,1012,1029,1045,1050,1052,1060,1062,1063,1088,1115,1116,1640,86,163
1086	1052,1063,1969,1574
1087	1052,1063,1085,1115
1088	1000,1029,1045,1063,1115,1640,300,301,303,650A,1031,1036,1084,1085,1088,1116,1121,1149,1563,1875,186
1089	650A,1052
1090	650A,1030,1640
1091	1030
1091A	1091,5,1987,197
1094	1060,1062,1063,1071,1072,1082,1084,1130,1149
1095	804B,1030,1060,1063,1084,1088,355,364
1096	800,804B,1036,1063,1072,1083,1084
1115	1000,1063,1084,1089,1149,1640,300,301,303,313,328,507,650A,1071,1072,1116,1120,1121,1132,1133,1147,1153,1563
1116	1000,1029,1049,1052,1060,1063,1085,1115
1117	1000,1115,1116
1119	313,327B,328,531,1535
1120	1000,1029,1085,1120,1132,451,2,1979,268,270
1121	1045,1049,1062,1119
1122	1000,1007,1008,1115,1116,1119,1121,115,126
1130	1000,1045,1063,1071,1072,1084,1152
1132	1000,1029,1049,1060,1063,1082,1115,1116,1120,201
1133	1049,1060,1115,1119
1135	1000,1051,1052,1060,1088,369,378,1968,355,1979,199,10,209,16,241,7,10,2002,1174,1184
1137	300,953,1115,1135,1199A
1138	1135,1992,1066
1146	1045,1063,1071,1072,1082,1130,1151
1149	1045,1049,1060,1084,1115,1640,78,125,126,177,1045,1051,1063,1071,1072,1082,1088,1130
1150	1051,1060,1062,1640,199
1151	1146
1152	1045,1072,1130,1979,197,1999,1974,1978,31
1153	1000,1029,1045,1049,1060,1088,1115,1640
1154	1152
1157	330,785,1071,1072
1159	1045,1049,1061,1178,38,151,326,330,400,850,1052,1063,1640,528,531,259,1968,91,266,1978,3,1981,1261,1271,1987,41,1995,1296,1298,1999
1162	1061
1164	332,1365B
1172	325,1074,1183,1961,63,705,1,1977,968,2002,97,99
1174	1175,1176,1180,1882,1900
1175	813A,1180,1183,16,1,1,1977,968
1176	1174,1175,1899,49,16,1,458,157,539,225,1,1977,968
1178**	1071,1072,1,1977,968
1180	1175,1183,1248
1182	360,361,812,821A,822,14,364,2,1934,40,1,1977,968
1183	1175,1180,2,1934,40,1963,15,1,1977,968
1184	1030,1036
1187*	810A,1968,462
1199	332,1030,381,404,407,163,165,1925,213,1968,108,110,111,291,292,462,5,1987,801,803,1995,729,731,2002,243,246
1200	1201,1245,1285,1288,1382,1383,1384,1540
1201	1200
1202	1245,1384,1535,1650,1651,69,76
1203	1202,1535,1650
1203A	1202,258,1996,2003,321,69,2A,932,2001,1203A,1975,135,1969,3813,1202,1974
1204**	1210,1245,1384,1540,1541,1963,17,1948,1231,411,263,301,1969,4493,1204,1205,1918,195,1204,1205,1204,1204A,1992,1205,1984,1980,70
1210	1245,1248,1384,1386,1387,1408,1450,1154,1204,1229,1263,1286,1326,1535,1540,1540A
1211	1384,1386,2002,35,38
1218	1387,1408C,1681,1681B,1685,1696
1225	1241,1287
1229*	1210,1244,1245,1286,1384,1450
1231	1290,1297,1321C
1240	1313,1313A,1539,1675
1241	1225,1246,1250
1243	1245,1248,1287
1244	1210,1229,1245,1384,269,1,1977,1144,1146,1998,222
1245	1210,1286,1384,1450,1540,1687,1888,75,2002,424,426
1246	1241,1344
1247	1225,1243
1248	1243
1250	1241,1245,1248,1287,1288,1319,1335A,1336
1250A	1241,1288,1384
1260A	1310,1911,40,76,1992,1200,9,1999,38,42
1263	1245,1384,1450,9,1999,38,42
1270	1291B,71
1281	1384,1650,1651
1281A	1739
1285	1245,1286,1382,1384,1540
1286	1210,1245,1384,1450,1211,1229,1244,1285,1288,1385,1386,1653,82
1287	1250,1290,1200,1201,1225,1288,1893,24,112,1911,261,149,1968,91,1980,184,1999
1288	1200,1210,1245,1247,1250,1286,1287,1319,1326,1384
1290	1231,1287,1321C
1291	1291B,1387,1653
1291A	1696
1291B	1386,1653,1696,1911,165,521,525
1293*	1381
1296B	1313,1911,253,2,1934,40,655,658
1297*	1231,1250,1287,1321C
1310	1260A,1310,1326
1310A	175,266
1313	1240,1296B,1387,1408,1408C,1696
1319	1241,1250,1281,1288,1896,50,135,323,506,1911,163,1924,841,1968,115,1979,420,10,4,1984,452,457
1319*	1241,1250,1586,1911,163,7,1993,20
1321C	1231,1297
1325	1386,1998
1326	1210,1245,1288,1384,1450
1335A	1250,1911,124,1968,191,473,1981,290
1336	1250,107,1968,473,1979,1998,220
1341	1586
1348	1920D,1920J
1352A	1422
1358	1358A,1358B,1358C,1725
1358A	1358B,1358C,1525,1535,1725
1358B	1358A,1358C,1725
1358C	1358A,1358B,1725
1359	1359A,1359B,1359C,3,1981,1055,1065,1068,1077
1361	1000,1004,1007,1029,1120
1363	1544
1365	1164,1380,307,322,486,488,1969,2023,5284,3,1981,1077,1082,1997,201,203
1365A	1365B,1380
1365B	1164,1365A
1365C	1164
1367	922
1370	901
1372	1641,1696,1968,444,10,2002,253,255
1379	1441
1380	1365A,1536C,1537,1537,1725
1380**	1380,1383
1381	1009,1211,1218,1293A,1381B,1381E,1383,1384,1386,1387,1541,1600,1642,1643,1653,1685
1381A	1381B,1406,1417,1419B,108,177,337,69,34,1925,466,1983,5,1987,148,159,1997,390,393
1381B	1381,1381A,1600
1381C	910,910A,921B
1381D	763
1381E	982,1381,1600,1641,1644,1831
1382	1200,1210,1245,1285,1383,1385,1539,1540,1915,63,335,342,440,451,1982,8,1996,569,571
1383	1380A,1381,1382,1385,1540,1911,298,335,342,520,528,2,1934,40,1995
1384	1204,1210,1229,1245,1285,1286,1383,1385,1387,1450,1528,1540,1541,1009,1180,1200,1202,1211,1242A,1244,1245,1263,1288,1295A,1326,1381,1382,1408,1430A,1530,1540A,1653,1685,1696,335,342,440,451,1968,113,463,1997,99,101,9,1999,1204,1210
1385	1200,1242A,1245,1285,1286,1288,1382,1384,1387,1540
1385*	1384,1386,1387,1643,1653,520,528
1386	1210,1245,1285,1325,1326,1332,1384,1387,1387,1450,20,48,520,528,8,1996,12,16
1387	1210,1218,1291,1384,1386,1408,1653,1009,1245,1291B,1313,1381,1383,1384,1385,1540,1541,1642,1643,1685,1696,1791,1910
1387*	1385,1386,1387,1968,26,1999,31
1405	902,1405,2,1934,40,148,496,1969,2158,1987,1990
1405*	1405
1406	1423
1407	1373A,107,1999,19
1407A	1458,1869,2,47,1907,1,81,1924,497
1408	1210,1387,1643,1653,1685,1696,1218,1313,1384,1642
1408C	1218,1313,78A,1408,1681B,1875,1881
1415	1335,1387,1539,1653,1911,501,199,203,1,1930,33,187,131,1968,177,405,483,101,116,1983,1990,1997,139,142,6,1990,487,494,7,1993,1196
1419B	1364,1381A,1419H
1419E	1364,1406,1423
1419G	1419J
1419J*	1419G,3,1981,1068,1077
1420A	1420G
1420G	1420A
1423	1406
1424	1541,1563
1430	545D,1430A
1430A	1430,1450,178,209,261,267,1999
1441*	1379
1447	1447A
1450	1210,1229,1245,1286,1383,1384,1540,1541,1180,1202,1244,1263,1326,1430A,1528,1540A,1888,191,29,12,335,342,1992,1229,8,1996,12,16,2004,507
1458	1453,1459,1453,2,1979,748,4,1984,476,478
1462	1750,2,1979,226,230
1479*	1475,1477,1737,1,1977,353,357,1992,1025
1525	950,1737,408A,140,409,10,379,406,1963,1968,6,80,298,349,457,1979,564,1980,282,1982,1997,229,234,9,1999,508,521,103,2,293,1977,1974,1961
1525A	950,1525D,1535,1737,653,804B,1004,1071,1072,1084,1525B,1525E,1539,1735,1740
1525B	1525A,1542
1525D	950,1525A,1737,1004,1071,1072,1525E,1525J,1535,1540,1654,389,395,1968,91,1979,483,1992,368,1999,9,1999,514
1525E	950,1525A,1525D,1641,1654,1737
1525H	1829,1875
1525J	1535,1740
1525M	1525D,1654
1525R	1653,11,1,2003,353,355
1525J*	1740,9,1999,516
1526	1737,1829
1526A	1555B,132,285
1528	1085,1384,1530,1535,1539,1540,1540A,1541
1530	34,49A,175,1384,1528,1535,1542
1530*	1383,1791
1532	1654
1533	875,875A
1533A	1626,1741,1847
1534	1660,1861A
1535	1539,1653,326,613,650A,841,954,1000,1004,1030,1060,1119,1120,1202,1203,1210,1358A,1358C,1525,1542,1590,1642,1650,1651,1681,1696,1725,1737,1875,1920,1960D
1536A	1535,1537,1735A,1792
1536B	1535,1539,1730
1537	1000,1013,1380,1525D,1535,1536A,1536B,1537,1539,1643,1653,1792,1875
1537*	1537
1538	1525A,1535,1539,1551
1538*	1535,1539
1539	1535,1551,1000,1004,1240,1382,1525A,1525D,1528,1542,1685,1696
1540	1245,1285,1382,1384,1385,1541,1200,1210,1383,1386,1387,1408,1450,1528,1535,1539,1540A,1653
1541	1384,1386,1387,1540,1653,563,1204,1210,1245,1291,1381B,1383,1450,1528,1539,1540A,1653
1542	1530,1535,1539
1543	1642,1642A
1543*	1281A,1739
1545	1562A,1833A
1545B	1000,1545,1968,49,450,7,1993,769,773
1551	1538,1539
1553	1200,1540
1556	1531
1557	921B,922,2,1934,40,234,10,2002,255,258
1560	1567G,86,4,1984,471,475
1561	1567E,1572,1725,1992,1053
1561*	1567A
1562	1562A,1562B
1562A	1562,1562B,1696,1699,1940
1563	1001,1029,1049,1062,1088,1115,1424,1640,180,342,150,291,1899,73,2,1979,55,64,1999,2004,406
1565	5,73,3
1567C	1610
1572*	1829,1907,2,78,1911,285,1968,48,246,297,450,195,197,6,1990,690,694,1992,1222
1573*	700,158,42,193,14,195,20,479,178
1585	1735
1586	1319,1341,1642,1643,1681B
1590	922,1535
1600	1029,1381,1586,1642,1643,1644,1653,1696
1610	571,1567C,1642
1626	329,562,1533A
1631*	1361
1640	1045,1088,1115,1149,151,177,300,326,650A,854,1116,1159,1563,1641
1641	613,1284,1640,1646,1654,1825,1825C
1641B	1641,1641C
1641D	1641,1641B
1642	1586,1600,1610,1643,1653,1685,1000,1009,1012,1029,1030,1211,1218,1291B,1381,1381B,1387,1408,1535,1543,1675,1681B,1691,1696
1642A	1543,1642,1735A,280,65,67,1911,54,1968,57,324,453,78,6,1990
1643	1381,1408,1600,1642,1653,1685,1000,1009,1029,1030,1211,1218,1291A,1381C,1385,1386,1387,1537,1586,1681B,1691,1696
1644	982,1381,1381E,1600,1641
1646	1641,200,40,1992,1049
1650	1045,1063,1071,1073,1202,1651,1082,1130,1281,1535,1653
1651	1063,1202,1281,1535,1650
1653	592,1000,1007,1009,1045,1291B,1386,1387,1408,1525R,1535,1541,1642,1650,1685,1696,1775
1654	1525D,1525E,1641,1920A,1911,429,1980,279,11,1,2003,345,348,2004,309
1655	158,170,571,1696,1910,2034F
1656	330
1660	1534,1861A,1911,171
1675	1240,1313A,1642,445,491,1911,63,259,385,59,1968,147,468,472,1980,280,1999,10,2002,188,193,2004,452
1681	1218,1387,1408,1535,1685,1696,1997,405,407,9,1999,714,716
1681A	1291B,1685,1696,9,1999
1681B	1000,1007,1009,1013,1029,1218,1291A,1408,1586,1642,1653,1685,1696,437,1911,431,9,1999
1685	1001,1029,1408,1642,1643,1653,1696,1120,1210,1218,1384,1386,1387,1539,1681A,1681B,1691
1687	1245,1696,1985,43,46
1691	1642,1643,1685,1696,1775,10,2002,871,875
1696	1408,1642,1653,1681B,1685,571,574,1006,1218,1240,1291A,1291B,1313,1384,1387,1535,1539,1600,1643,1655,1685,1687,1691,1691B,1693,1775,437,1899,4,1907,26,27,1911,169,424,315,145,151,311,322,1924,762,94,224,1968,91,461,72,1997,405,407,1999
1697	360
1698G	1805
1699	1833,1869,1,200,1903,65,1907,138,412,1968,63,338,1973,1982
1725	1358,1358A,1380,1535
1730	882A,1536B
1735	1525A,1585
1735A	1536A,1642A,1792
1737	940,950,1004,1479,1525,1525A,1525D,1525E,1526,1535
1738	1860A,1889E,1920C,1960A,1960G,1968,346,10,2002,1291,1296
1739	1281A,1848A
1740	1525A,1737
1741	1533A
1775	1653,1691,1696
1785B	1785C,1837
1785C	1785B
1792	1536A,1537,1735A
1800	1807A
1805	1698G,1831A,2,1979,51,54,15
1807	1807A,2,1979
1807A	1800,1807
1824	1825,1910,116,118,1965,1968,147,1991,2000,10,2002,1280,1291
1825	1641,1824,1825,1825B,1825C,1833,2012
1825B	1825
1825C	1641,1825
1829	1572A,1572C,1875,154,6,1990,682,686
1831C	1805,1968,30,450,10,2002,880,882
1833	1699,1825
1837	1785B,1,1977,996,998,17,6,1990,686,690
1847*	1533A,1896,104,1907,3,56
1848A	1739
1860A	1738,1924,117,1,1977,10,2002,1293,1296
1875	121,327,1061,1088,1408C,1535,1537,1829,1875,1880,1881,1889,1889E,1890,1895,1910
1877*	1881
1880	707,1875
1881	1408C,1877,1875,1882,1889,1894,1895,1900,1910
1882	852,1174,1881,1889,1889E,1889F,1890,1900,1920C,1960A,1960G
1882A	1920C,1930,1,1977
1886	1920H,514
1889	1875,1895,1920
1889A	1882A,1890
1889B	1890F,1894,1895
1889C	1889C,1889D,1890,1895,1900,1920,1960D,1960M
1889D	1889E,1889P,1,1977,1384,9,1999,1008,1015
1889E	852,1174,1738,1875,1882,1882A,1889D,1889L,1889P,1900,1920,1930,1960D,1960G
1889F	1882,1960D
1889L	1889E
1889P	1889D,1889E
1890	1875,1882,1889,1889A,1889C,1890F,1894,1895,1900
1890F	1889,1889B,1890,1894,1895
1892	1889C,1889D
1894	1881,1889B,1890,1890F,1895
1895	1875,1881,1889,1889B,1889C,1890,1890F,1894
1900	1174,1881,1882,1889C,1889E,1890,1891,1920H,1960G
1910	650A,2,151,300,301,592,1000,1007,1012,1120,1132,1387,1655,1875,1881
1920	1535,1889C,1889E,1920A,1930,1931,1893,15,322,506,514,424,131,1968,198,8,1996,1274,1279
1920A	1920,1920C,1920E,1960A,1960G,1960L,1893,15,1911,454,138,1925,38,1963,49,1969,4599,1979,6,1990,239,249,1992,135,1043,8,1996,1274,1279
1920B	1920,1960C,1968,91,6,1990,239,249,8,1996,1274,1279,2001
1920C	570,852,1000,1738,1882,1882A,1920,1920A,1920H,1960D,1960G,1910,507,511,1968,91,198,200,202,6,1990,239,249,8,1996,1274,1279,2001,2003
1920D	1348,1920F,1992,1210,8,1996,1271,8,1996,1274,1279
1920E	1920A,1930,1893,15,509,511,1968,198,202,8,1996,1274,1279
1920F	1920D,1960D,1960F,1960G,509,1968,200,202,473,1992,578,8,1996,1274,1279
1920G	1920H
1920H	1886,1900,1920,1920C,1920G,1960G,8,1996,1274,1279,2003
1920J	1348
1930	1882A,1889E,1920,1920A,1935,1960
1931	1920,2014,9,1999,1420,1422,2003
1935	852,1930,1960,1100,1113,1905,158,163,244,258,302,305,1963,1970,1977,1978,326,329,1980,1989,1999,2002,439,445
1940	1562A
1960A	1738,1882,1920A,515,136,1963,1965,1968,202,6,1990,239,249,2002,2003,11
1960D	1889C,1889E,1889F,1920A,1920C,1920F,1960F,1960G,1960J,1960K,169,193,22,1929,92,1963,49,1963,1965,1968,198,201,1980,6,1990,239,249,1992,1043,2002,181
1960E	1960F,1960J,1960K,1963,1965,6,1990,239,249
1960F	1920A,1920F,1960D,1960E,1960H,60,1963,49,1963,1965,1968,197,201,6,1990,239,249,1992,1043
1960G	1738,1882,1900,1920A,1920H,506,516,55,1963,1965,1968,198,2,1979,586,592,6,1990,239,249,2002,182
1960J	1960D,1960E,1960L,1963,1963,49,1965,1968,200,6,1990,239,249,2002,183
1960K	1960D,1960E,1963,1965,6,1990,239,249,2002,184
1960L	1920A,1960J
1960M	1889,1889C,1963,1965,6,1990,239,249,2002
1963	1965
1965	1963,2,1934,40,115,119,112,1959,1961,1964,1980,1981,5,1987,1147,1151
2012	1825,417,1933,80,2012,2012A,2,1934,40,174,2003,19
2015	212,2030,346,349,104,107,1933,81,2015,1987,45,54,2003
2021	2032,1897,58,63,75,79,146,140,1925,16,1933,82,2021,2021A,1933,2,1934,40,177,1942,16,1968,247,2,1979,35,1987,45,54,1995,592,594,1997,69,74,2001
2022	85
2022B	1384,105,107
2030	2015
2032	2021,2,1934,40,185,1933,6,1990,698,702
2034	295,2,1934,40,185,187,1960,9,1999,437,440,2003,25
2301	852,3,1981,1409,1413,1999
