type_id	motif_id
1	K1026.
1	K341.2.
1	K341.2.1.
1	K371.1.
10***	K891.5.1.
10***	K891.5.2.
100	J581.1.
1000	F613.3.
1000	K172.
1001	D2186.
1002	K1400.
1003	K1411.
1004	K404.1.
1004	K404.2.
1004	K404.3.
1005	K1441.
1006	K1442.
1007	K1440.
1008	K1412.
1009	K1413.
1009	K1417.
101	K231.1.3.
1010	K1415.
1011	K1416.
1012	K1461.1.
1012A	K1461.3.
1013	K1462.
1015	K1418.
1015	W111.5.9.
1016	K1443.
1017	K1425.
102	K254.1.
1029	K1691.
103	B262.
103	K2323.
103	K2324.
1030	K171.1.
1031	K1422.
1035	K1424.
1035	K1424.1.
1036	K171.4.
1037	K171.5.
103A	B281.9.1.
1045	K1744.
1048	K186.
1049	K1741.1.
1049	K1741.3.
105	J1662.
105*	K522.
1050	K1421.
1050	K178.
1050	K44.
1050	K44.1.
1051	K1112.
1052	K71.
1053	K1741.2.
1059*	K1117.
1060	K62.
1060A	K73.
1061	K63.
1062	K18.3.
1063	K18.2.
1063A	K18.1.
1063A	K18.1.1.
1063A	K18.1.2.
107	J1023.
1070	K12.1.
1071	K12.2.
1072	K11.6.
1073	K15.1.
1074	K11.1.
1080*	J1169.5.
1080*	K87.1.
1082	K72.
1083	K785.
1084	K84.1.
1085	K61.
1086	K17.1.
1087	K14.
1088	K81.1.
1088	K82.1.
1088	K82.3.
1089	K42.1.
1090	K42.2.
1091	K216.2.
1091	K31.1.
1091A	H522.
1091A	K216.2.1.
1094	K91.
1095	K83.1.
1095	K83.2.
1096	K47.
1099	F531.6.6.
1099	Q551.3.4.
110	J671.1.
111	K561.1.1.
1115	K525.1.
1116	K1733.
1117	K1601.
1119	K1611.
111A	U31.
112	J211.2.
112**	J132.
1120	G519.1.4.
1121	G512.3.2.1.
1122	G519.1.
1130	K275.
1131	G512.3.1.
1131	K1033.
1132	G561.
1133	K1012.1.
1133	K1012.2.
1133	K241.
1135	K1010.
1135	K1011.
1137	D1612.2.1.
1137	F512.1.1.
1137	F531.1.1.1.
1137	G100.
1137	K1010.
1137	K1011.
1137	K521.1.
1137	K603.
1138	K1013.1.
1139	K522.2.
113A	B342.
113B	K815.13.
113B	K815.7.
1140	K331.1.
1141	J1791.6.2.
1141	R351.
1142	K1181.
1145	K2345.
1146	K1718.2.
1147	K1177.
1149	K1715.
1149	K1715.2.
1149	K1715.4.
115	J2066.1.
1150	K1725.
1152	G572.2.
1152	K1711.1.
1152	K1715.12. 92	 K1716. 1151	 K1717. 1147	 K1718.1.
1152	K2324.1.
1153	K1732.
1157	J2131.4.1.
1157	K1057.
1159	K1111.0.1.
1159	K1111.1.
1159	K1755.
116	J1762.2.
1161	K1728.
1162	K1756.
1163	G651.
1164	K1955.6.
1164	K2325.
1164	T251.1.2.1.
1164	T251.1.2.2.
1165	K1736.
1166*	G303.16.3.2.
1168	D2176.
1168	K335.
1168A	J1795.1.
1168A	K1715.1.
1168A	K1883.7.
1168B	N699.5.
1168C	K1841.3.
1168D	K526.
1168D	M211.
1168D	X213.
1169	A1371.1.
1169	E34.
1170	H1153.
1170	K216.1.
1171	H1024.3.
1172	H1124.
1173A	K175.
1174	H1021.1.
1175	H1023.4.
1176	H1021.4.
1176	H1023.12.
1176	H1023.13.
1177**	H1014.
1178	G303.16.19.3.
1178	H1094.1.
1179	H1023.5.
118	J2351.4.
1180	H1023.2.
1182	K223.
1182A	K183.
1183	H1023.6.
1184	K222.
1185	K170.
1185	K221.
1185*	K226.
1186	M215.
1187	E765.1.1.
1187	K551.9.
1188	K231.12.1.
1190*	K215.
1191	J1169.4.
1191	S241.1.
1192	G303.3.1.
1192	G303.3.1.6.
1199	K551.1.
1199	K555.2.
1199	K555.2.2.
1199A	G303.17.1.1.
1199A	K555.1.1.
1199A	K555.1.2.
119B*	J1022.
120	K52.1.
1200	J1932.1.
1200	J1932.3.
1200	J1932.4.
1200	J1932.5.
1200	J2348.
1201	J2163.
1202	J1865.
1202	J2196.
1203	J2422.
1204	J2671.2.
1204**	J1900.
121	J2133.6.
1210	J1904.1.
1211	J1835.
1213	J1904.2.
1214	J2087.
1215	J1041.
1215	J1041.2.
1218	J1902.1.
1218	K1253.
122	K550.
122	K551.3.4.
1225	J2381.
1225A	J2382.
1227	J2661.3.
1228	J1772.10.
1228	J2131.4.1.
1229	X1133.3.2.
122A	K551.8.
122B	K562.
122B*	K562.1.
122C	K561.2.
122D	K553.1.
122E	K553.2.
122F	K553.
122G	K553.5.
122H	K551.12.
122J	K566.
122K*	K579.5.1.
123	F913.
123	J144.
123	K1832.
123	K1839.1.
123	K311.3.
123	Q426.
1230**	J2521.2.
1231	J2612.
1238	J2171.2.1.
123B	K828.1.
123B	K934.
124	J2133.7.
124	K891.1.
1240	J2133.4.
1241	J1973.
1241	J2131.5.3.
1242	J2213.4.
1242A	J1874.1.
1242A	J1874.2.
1243	J2165.
1244	J1964.1.
1245	J1961.
1245	J1961.1.
1245	J2123.
1246	J2171.4.
1247	—J2131.5.4.
1248	J1964.
125	K1715.3.
1250	J2133.5.
1250A	J2133.6.1.
1255	J1934.
126	K1715.
1260	J1983.
1260B*	J1849.3.
1262	J1191.7.
1262	J1945.
1262*	J2421.
1263	J2167.
1264*	J1875.2.
1265*	J2083.2.
1266*	J2083.1.
1270	J2122.
1271A*	J1873.3.
1271A*	J1942.
1271C*	J1873.2.
1272*	J2121.
1273A*	J1967.
1275	J2333.
1276	J2164.1.
1276	J2164.2.
1278	J1922.1.
1278	J1922.2.1.
127A*	K2061.4.
127A*	K815.
127B*	J2136.3.
1281	J2101.
1281A	J1815.
1282	J2102.4.
1284	J2012.
1284A	K2013.1.
1284B	J2012.5.
1284C	J2234.
1285	J2161.2.
1286	J2162.
1287	J2031.
1287	J2031.1.
1288	J2021.
1288A	J2022.
1288B	J2561.
1289	J2213.1.
129	J624.1.
1290	J1821.
1290B*	J2213.9.
1291	J1881.1.2.
1291A	J1881.1.3.
1291B	J1871.
1291D	J1881.1.
1291D	J1881.2.
1293	J1814.
1293*	J2226.
1294	J2113.
1294A*	W151.9.
1295	J2213.3.
1295A*	J2171.6.
1295A*	J2199.3.
1296	J2346.
1296A	J2327.
1297*	J1832.
129A*	J1909.5.
130	B296.
130	K1161.
130	K335.1.4.
130	N776.
1305	J1061.4.
1305	W153.
1306	W153.5.
131	J427.
1310	J1762.1.2.
1310	K581.1.
1310*	J1781.
1310A	K581.2.
1310B	K581.3.
1310C	K581.4.
1311	J1752.
1312	J1753.
1312*	J1909.6.
1313	J2311.2.
1313A	J2311.1.
1313A	J2311.1.4.
1313A	J2311.4.
1313A*	J2311.
1314	J1771.1.
1314	J1783.1.
1315*	J1781.1.
1315**	J1761.2.
1316	J1751.
1316	J1754.
1316	J1755.
1316	J1757.
1317	J1761.10.
1318	J1782.
1318	J1782.1.
1318	J1782.2.
1318	J1782.8.
1318	J1838.
1319	J1772.1.
1319*	J1750.
1319*	J1759–J1763.
1319*	J1765.
1319*	J1766.
1319*	J1770–J1772.
1319A*	J1781.2.
1319H*	J2212.7.
1319J*	J1761.11.
132	K1775.
1321A	J2615.
1321C	J2614.1.
1321D*	J1789.2.
1322	J1802.
1323	J1789.1.
1324*	K1971.7.
1325A	J2104.
1326	J2328.
1327	J2062.1.
1328*	J1813.2.
133*	K952.1.
133*	U124.
1330	J2162.3.
1331	J2074.
1331*	J1746.
1331*	J2242.2.
1331*	J2258.
1331A*	J1748.
1331D*	K1068.2.
1332	J1712.
1332	J1842.2.
1332	J2317.
1332	X372.4.1.
1332*	J2241.
1332*	J2242.
1333	J2172.1.
1334	J2271.1.
1334*	J2271.2.2.
1335	J1791.1.
1335*	J1806.
1335A	J1791.2.
1336	J1791.3.
1336A	J1791.7.
1337	J1742.
1337C	J2332.
1338	J1731.1.
1339	J1732.
1339A	J1732.1.
1339B	J1732.2.
1339C	J1732.3.
1339D	J1742.3.
1339E	J1813.7.
1339E	J1813.9.
1339E	J1813.9.1.
1339F	J1761.7.
1339G	X21.
1341	J1392.2.1.
1341	J2091.
1341A	J2136.
1341A	J2356.
1341A	J581.
1341B	J1399.1.
1341B	J2091.1.
1341C	J1392.2.
1341D	K1054.
1343	N334.2.
1343*	N334.1.
1345	J2475.
1346	J2483.
1346A*	J2712.2.
1347	J1738.2.
1348	W211.2.
1348*	W211.1.
1348**	X902.
1349L*	J2214.9.
1349L*	J2412.2.
1349L*	J2412.6.
1349L*	K1011.1.
1349N*	J1803.2.
1349N*	J2469.2.
1350	H466.
1350	K2052.4.3.
1350	T231.3.
1351	H1194.0.1.
1351	J2511.
1351G*	J1823.
1351G*	J2495.
1352	C12.4.
1352A	J551.1.
1352A	K1591.
1353	G303.10.5.
1353	K1085.
1354	J217.0.1.
1354	J217.0.1.1.
1354	K2065.1.
1355A	K1525.
1355B	K1271.4.
1355C	K1271.5.
1358*	J125.2.1.
1358A	K1554.1.
1358A	K1555.2.
1358A	K443.1.
1358B	K1555.
1358B	K1574.
1358B	K443.1.
1358C	K1571.
1359A	K1554.
1359B	K1561.
1359C	K1558.
135A*	J864.1.
1360B	J1155.
1360B	K1271.1.4.1.
1360C	K1556.
1361	K1225.
1361	K1522.
1361	K1577.
1362	J1532.1.
1362A*	J1276.1.
1362A*	J2342.
1362A*	J2342.2.
1362B*	J2212.1.1.
1363	K1345.
1364	J1155.
1365A	T255.2.
1365B	T255.1.
1365C	T255.3.
1366*	T251.6.
1367	K1318.
1367**	J1412.11.
1368	J1442.13.
1368	J229.10.
1368**	A1371.2.
1369	J1442.11.1.
136A*	M114.
1370	W111.3.2.
1370B*	W111.3.5.
1372	J2494.
1372*	J1511.3.
1373	J1611.
1373A	K1984.2.
1373A	S411.4.
1373A*	D1619.1.
1373B*	K492.
1374*	J2499.1.
1375	T251.1.
1377	K1511.
1378	K1543.
1379	K1843.
1379	K1843.2.
1379**	F111.7.
1379**	J1772.
1380	K1553.
1380A*	K1971.3.1.
1380A*	K1971.4.
1380A*	K1971.5.
1381	J1151.1.1.
1381A	J1151.1.2.
1381B	J1151.1.3.
1381C	H472.1.
1381D	J2353.
1381D*	J1546.
1381F*	T254.2.
1382	J1149.2.
1383	J2012.2.
1383	J2012.3.
1384	H1312.1.
1385	J2086.
1386	J1856.1.
1387	J2176.
1387	J2176.1.
1387	W111.3.3.
1389*	J1341.8.
1390*	T255.5.
1391	D1610.6.1.
1391	H451.
1391	K1569.7.
1394	J2112.1.
1405	J2325.
1405	K1971.4.1.
1406	J2013.2.
1406	J2301.
1406	J2311.0.1.
1406	J2312.
1406	J2314.
1406	J2315.
1406	J2316.
1406	J2317.
1406	J2324.
1406	K1545.
1407	W153.2.1.
1407A	J1521.2.
1407A	K1155.
1407B	J1468.
1408	J1881.1.3.
1408	J2132.2.
1408	J2176.1.
1408	J2431.
1408	J2b465.4.
1408B	J1545.3.
1408C	X1133.3.
1409	J2523.
1409	J2523.1.
1409	J2523.2.
1410	J1545.2.
1415	J2081.1.
1416	C324.
1416	H1554.1.
1417	J2315.2.
1417	K1512.
1418	K1513.
1419	K1510.
1419	K1521.2.
1419A	K1514.1.
1419B	K1515.
1419C	K1516.
1419C	K1516.1.
1419D	K1517–K1517.12.
1419E	K1344.
1419E	K1523.
1419E	T11.3.
1419F	K1542.
1419H	K1546.
1419H	K1546.1.
1420	K1581.
1420A	K1581.1.
1420B	K1581.2.
1420C	K1581.3.
1420D	K1581.4.
1422	J1154.1.
1423	K1518.
1424	K1363.2.
1425	K1363.1.
1426	F1034.2.1.
1426	J882.2.
1426	T382.
1430	J2060.
1430	J2060.1.
1430	J2061.
1430	J2061.1.
1430	J2061.1.1.
1430	J2061.1.2.
1430	J2061.2.
1430A	J2060.1.
1431	J1448.
1435*	V465.1.2.1.
1435*	W136.1.
1437	J2461.1.
1437	J2489.
1437	J2497.
1440	J1615.
1441*	K1223.
1441*	K1843.3.
1446	J2227.
1447	K236.2.
1449*	J1561.4.1.
1450	J2063.
1451	H381.1.
1452	H381.2.
1453	H382.1.
1453**	W115.1.
1453***	H383.1.1.
1454*	H385.
1455	H384.1.
1456	K1225.
1456	K1984.5.
1456*	J1169.1.
1457	K1984.1.
1458	K1984.2.
1459**	K1984.
1461	K1984.3.
1462	K1971.6.
1463	K95.
1463A*	J2463.1.
1468	H261.
1468*	J2463.2.
1475	X751.
1476	K1971.9.
1476	X761.
1476B	G303.12.5.
1477	X755.
1478	H360.
1479*	X753.
1479**	V123.
1485*	X756.
1486*	X756.
1488	X752.
1488	X754.
15	K372.
15	K401.1.
15*	K341.                        4
150	J21.12.
150	J21.13.
150	J21.14.
150	K604.
1501	K1215.
150A*	A2356.2.1.
150A*	K604.
151	K1111.0.1.
151*	J642.1.
1510	K2213.1.
1510	T231.4.
1515	K1351.
1515	K1837.
1516*	T251.0.1.
1516*	T251.0.2.
152	J2211.
152	K1013.3.
1525	K301.
1525A	F660.1.
1525A	H1151.
1525A	H1151.2.
1525A	H1151.3.
1525A	H1151.4.
1525A	K301.1.
1525A	K332.
1525A	K362.2.
1525B	K341.8.
1525C	K341.11.
1525C	K341.3.
1525C	K341.6.
1525D	K341.3.
1525D	K341.6.
1525D	K341.7.
1525E	J1516.
1525E	J2431.1.
1525E	K1687.
1525E	K306.
1525E	K306.1.
1525E	K307.1.
1525E	L142.1.
1525G	K311.
1525H	K335.1.6.3.
1525J	K335.1.3.
1525J	K345.2.
1525J	K404.1.
1525K	K1982.
1525K*	K419.3.
1525L	K242.
1525L*	K341.20.
1525L*	K341.21.
1525M	K406.1.
1525M	K406.2.
1525N*	K365.
1525R	K308.
1526	K455.3.
1526A	K455.1.
1526A	K455.2.
1526A	K455.4.
1527	K335.1.
1527	K335.1.8.
1527A	K630.
1527A	K724.
1528	K1252.
1529	K403.
152B*	J2211.
153	K1012.1.
153	K241.
1530	K1251.
1530*	J2493.
1531	J2322.
1532	K1974.
1532	K451.5.
1533	H601.
1533A	J1242.1.
1533B	J1539.2.
1533C	J1249.
1534	J1173.
1534	N320.
1534	N330.
1534A	J1189.3.
1534A	J2233.
1534A	J342.1.1.
1534A	K841.1.
1534A	K842.4.
1534A	K843.
1534A	N178.2.
1534A	N347.7.
1534A	X1503.3.
1534A*	J2233.1.1.
1534D*	K1656.
1536	K2151.
1536A	K2151.
1536A	K2321.
1536B	K1551.1.
1536B	N320.
1537	K2151.
1537	K2152.
1537*	K2152.2.
1538	K132.
1538	K1825.1.3.
1538	K713.1.
1539	K1068.2.
1539	K111.1.
1539	K111.2.
1539	K112.1.
1539	K113.4.
1539	K131.1.
1539	K132.
1539	K911.1.
154	C54.
154	J2351.1.
154	U242.1.
1540	J2326.
1540	K341.9.1.
1540A*	K341.9.1.
1541	J2460.1.
1541	K362.1.
1542	J2401.
1542	K112.1.
1542	K113.
1542	K1321.1.
1542	K341.8.1.
1542	K842.
1542	L161.
1542**	K1363.
1543	J1473.1.
1543	K464.
1543*	J1919.8.
1543A	J1473.
1543D*	J1141.1.3.1.
1543E*	K451.3.
1544	K1572.
1544	K1981.1.
1544	K258.
1544	K942.
1545	K602.
1545A	K1349.
1545B	K1327.
1546	K261.
1546	K476.2.
1547*	K1398.
1548	K112.2.
1548*	J1272.
155	J1172.3.
155	W154.2.1.
1551	K451.2.
1551*	J1601.
1552*	J1551.6.
1553	K182.
1555	K231.6.1.
1555A	K233.4.
1555B	K231.6.2.2.
1556	K482.1.
1557	K2376.
1558	J1561.3.
1559A*	N73.
156	B381.
156	B382.
1560	J1511.1.
1560**	W111.2.7.
1561	W111.2.6.
1561*	J1561.4.2.
1562	J2516.1.
1562	J571.1.
1562A	J1269.12.
1562A*	K177.
1562B	J2516.3.1.
1563	K1354.1.
1563	K1354.2.1.
1563*	K1771.2.
1563*	K1771.3.
1564*	K405.1.
1564*	K439.2.
1565	K263.
1565*	K2311.
1565**	J1511.2.
1566**	K478.
1566A*	K1636.
1567	J1341.1.
1567	J1341.4.
1567A	J1341.7.
1567C	J1341.2.
1567E	J1341.5.
1567F	J1341.6.
1567G	J1341.11.
1568*	J1562.1.
1569**	J2491.
156A	B301.8.
157	J17.
157	J32.
1571**	K1776.
1572*	J1511.4.
1573*	K2134.
1574	J1401.
1574*	K1637.
1574A	K341.13.
1574A	X221.1.
1575*	K1971.2.
1577	K1081.1.
1577*	N455.1.
1578*	K344.1.
1579	H506.3.
157A	J22.1.
157A	K1111.
157B	J13.
158	B831.
1585	K1655.
1586	J1193.1.
1586	J1833.
1586	J1833.1.
1586	N333.2.
1586B	J1193.2.
1588**	K2310.
1589	K488.
159	B278.
159*	B392.
1590	J1161.3.
1590	K2310.
1590	K475.
1590	M105.
1590	Q270.
1590	Q272.
1591	J1161.1.
1592	J1531.2.
1592A	J1531.1.
1592B	J1531.3.
1592B*	J2035.
1593	J1531.
1594	J1552.1.1.
159B	W185.6.
159C	J1454.
160	B512.
160	B522.1.
160	B522.2.
160	W154.8.
160*	K525.
161	K2315.
1610	K187.
1611	K1762.
1612	K1761.
1613	H603.
1614*	K474.
1615	K446.
1617	K1667.
1617	K445.9.
1617	K476.2.
1617*	J1141.6.
1617*	K1667.1.
1617*	K1667.1.1.
1617*	K1667.1.2.
1617*	K421.1.
162	J1032.
162	J582.1.
1620	J2312.
1620	K445.
1621A*	J133.2.
1624	J1391.1.
1624B*	K316.
1626	K444.
1628	J1511.11.
1628*	J1511.11.
1629*	K341.22.
163	Z33.4.2.
1630B*	J1761.9.
1631	K134.1.
1631*	T92.12.1.
1631A	K134.3.
1633	J1241.
1633	J242.8.
1634A*	K231.11.
1634E*	K584.
1635*	K300.
1636	K408.
1636	K416.
1638*	A1674.1.
1640	H38.2.1.
1640	J115.4.
1640	K1082.
1640	K1112.
1640	K18.2.
1640	K18.3.
1640	K1951.1.
1640	K1951.2.
1640	K1951.3.
1640	K525.1.
1640	K61.
1640	K62.
1640	K63.
1640	K71.
1640	K72.
1640	K731.
1640	K771.
1641	K1956.1.
1641	K1956.2.
1641	K1961.1.3.
1641	N611.1.
1641	N688.
1641A	K1955.2.
1641B	H916.1.1.
1641B	J1545.1.
1641B	N641.
1641C	K1961.1.2.
1641D	K1785.
1641D	K1955.1.
1641D	K1955.1.2.
1642	H341.
1642	J1151.2.
1642	J1851.1.1.
1642	J1852.
1642	J1853.
1642	J1853.1.
1642	K187.
1642A	J1151.2.
1643	J1853.1.1.
1643	N510.
1644	N633.
1645	N531.1.
1645A	E721.
1645A	E730.
1645A	N531.3.
1645B	X31.
1646	N656.
1646	N688.1.
165	K2055.1.
165	U236.
1650	N411.
1650	N411.1.1.
1650	N411.2.
1650	N411.2.1.
1651	N411.1.
1651A	N411.4.
1652	K443.5.
1653	K1413.
1653	K335.1.
1653	K335.1.1.
1653	K335.1.1.1.
1653	K335.1.1.2.
1653	K335.1.2.1.
1653	N611.
1653	N611.2.
1653	N612.
1654	K335.1.2.2.
1655	K251.1.
1655	K526.
1656	X611.
165B*	K583.
1660	K1765.
1661	J2225.
1661	N635.
1663	J1249.1.
1670*	N684.
1674*	J2175.1.
1675	J1882.2.
1675	K491.
1676	K1682.1.
1676	N384.10.
1676	N384.11.
1676B	N384.
1676B	N384.2.
1678	T371.
1678*	J1823.
168	B848.1.
168	K551.3.1.
1680	J2661.2.
1681	J2661.4.
1681A	J1852.
1681A*	K1414.
1681B	K1461.
1681B	K1462.
1682	J1914.
1682**	J1914.2.
1685	J2462.1.
1685	J2462.2.
1685	J2465.5.
1686	J1744.1.
1686	K1223.1.
1686*	J1745.
1686A	J1744.4.
1686A	J2462.
1686A*	K1222.
1687	D2004.5.
1688	J24b64.
1689	J2563.
1689*	J2331.2.
1689A	J2415.1.
1689B	J2562.
168A	K735.
1691	J2541.
1691B*	J551.4.
1692	J2136.
1692	J2136.5.5.
1692	J2136.5.6.
1692	J2136.5.7.
1692	J2461.1.7.
1692	J2461.1.7.1.
1694	J2417.1.
1694A	J1845.
1694A	J2417.2.
1695	J1873.1.
1696	J2461.
1696	J2461.2.
1698	X111.
1698A	X111.1.
1698B	X111.2.
1698B*	J2064.
1698C	X111.3.
1698D	X111.4.
1698G	X111.6.
1698H	X111.8.
1698I	X111.9.
1698J	C111.10.
1698J	X111.5.
1698K	X111.11.
1698M	X111.13.
1698N	K231.15.
1699	J2496.2.
1699	N275.2.
1699	X111.7.
1699B	J1741.3.1.
1699B	J2496.2.
1699B	X111.7.
170	K443.7.
1700	J2496.
1701	K1887.1.
1705	B210.1.
1705	B211.1.1.1.
1706B	N13.
1706D	J1323.
1706D	J2311.
1706D	X811.
1708*	F661.2.
1710	J1935.1.
1725	K1571.
1725	K1572.
1725	K1753.
173	A1321.
1730	K1218.1.
1730	K1218.2.
1731	T455.3.1.
1735	J1262.5.1.
1735	K176.
1735	K366.1.1.
1735A	K1631.
1736	K1975.
1736	K1975.1.
1738	H797.2.
1738	X438.
1739	J2321.1.
1739A*	J2321.2.
1740	K335.0.5.1.
1741	K2137.
175	K581.2.
175	K741.
1750	J1882.1.
1750	K1271.1.3.
1750B	K551.11.
177	J2132.4.
177	N392.
177	N691.1.2.
1775	X431.
1776	K335.
1777A*	X441.1.
1781	K1541.
1785	X411.
1785B	X411.2.
1785C	X411.3.
1786	X414.
178A	B331.2.
178A	B331.2.1.
178B	B331.2.2.
178B	B579.6.
178C	B331.1.1.
179	J1488.
1790	J1155.
1791	X424.
1792	K343.2.1.
180	J514.2.
1800	K188.
1804	J1551.10.
1804	J1551.2.
1804B	J1172.2.
1804C	J1551.3.
1804C	J1581.1.
1804C	K231.7.
1804D	J1169.7.
1804E	J1635.
1806	J1261.3.
1807A	K373.
1807B	J1161.5.
181	J411.10.
181	K1715.5.
182	B478.
182	B511.1.3.
1821	J2498.2.
1825	K1961.1.
1825A	J1211.1.
1825A	K1961.1.1.
1825B	K1961.1.2.
1825C	K1961.1.3.
1826	X452.
1827	X445.1.
1828	X451.
1828*	X416.
1829	K1842.
183*	K571.1.
1830	J1041.1.
1831	X441.
1831B	J1269.1.
1832	X435.5.
1832M*	J2498.2.
1832N*	J2212.6.
1832R*	J1746.
1832T*	J2713.
1833	J1321.1.
1833	X435.
1833A	X435.1.
1833B	X435.2.
1833C	X435.3.
1833D	X435.4.
1833H	X434.1.
1834	X426.
1834	X436.
1834A*	X426.
1837	X418.
1838	X415.
1839A	N5.
1839B	N71.
184	J1551.9.
1840	X421.
1842	J1607.
1845	J1513.
1845	K115.1.
1845	N641.
1847*	J1262.3.
1847*	J1446.
1848	J2466.1.
1848A	J2466.2.
1849*	J2132.3.
1853	K341.11.1.
1853	K486.
1855	X610.
1855A	J2336.
1855A	K1962.
1855B	K231.13.
1855C	J1613.
1856	J1273.
186	J369.2.
1860	K441.2.1.
1860A	X312.
1860B	X313.
1860C	X319.1.
1861A	J1192.1.
1861A	K441.2.
1862	X1955.4.
1862	X372.
1862A	K1955.4.
1862B	K1955.6.
1862C	J2412.4.
1862E	N63.
1863A	J82.
1871A	J2311.8.
1871B	J1289.10.
1871C	J1442.1.
1871D	J1442.9.
1871E	J1442.7.
1871F	J1303.
1871Z	J1442.1.1.
1871Z	J1442.10.
1871Z	J1442.2.
1871Z	J1442.3.
1871Z	J1442.4.
1871Z	J1442.4.1.
1871Z	J1442.5.
1871Z	J1442.6.
1871Z	J1442.8.
1871Z	J211.1.
1875	X1133.3.
1877*	X1854.1.
1880	X1852.
1880	X1853.
1881	X1853.
1881*	X1252.
1882	X1258.1.
1882	X1731.2.1.
1882	X1733.1.
1889	X900ff.
1889A	X1124.1.
1889B	X1124.2.
1889C	X1130.2.
1889D	X1130.2.1.
1889E	H1021.1.
1889E	X1757.
1889F	X1623.2.1.
1889G	F913.
1889G	X1723.1.
1889G	X911.6.
1889J	X1741.2.
1889L	X1215.11.
1889M	X1205.
1889M	X1205.1.
1889N	X1215.9.
1890	X1124.3.1.
1890B*	N331.2.
1890F	X1122.3.
1890F	X1122.3.1.
1890F	X1124.3.1.
1891	X1114.
1891	X1114.1.
1891	X1115.1.
1892	X1241.2.2.
1894	X1111.
1895	X1112.
1896	X1132.1.
1900	X1133.4.
1910	X1216.1.
1911A	X1721.1.
1916	X1116.
1917	X1785.1.
1920A	N621.
1920A	X908.
1920B	X1150.1.
1920B	X905.4.
1920C	X905.1.
1920C*	F660ff.
1920D	X904.1.
1920D	X904.2.
1920E	K455.7.
1920F*	X1215.9.
1920G	X1282.1.
1920J	X904.
1924	X905.
1925	F341.
1925	H507.3.
1927	B124.1.
1927	B841.
1927	X1620.
1930	F771.1.10.
1930	X1156.1.
1930	X1208.1.
1930	X1211.1.
1930	X1215.12.
1930	X1226.1.
1930	X1235.4.
1930	X1235.5.
1930	X1241.2.3.
1930	X1244.1.
1930	X1244.2.
1930	X1252.1.
1930	X1256.1.
1930	X1267.2.
1930	X1294.1.
1930	X1342.3.
1930	X1344.1.
1930	X1345.1.
1930	X1472.1.
1930	X1503.
1930	X1528.1.
1930	X1547.2.1.
1930	X1561.
1930	X1611.
1930	X1653.
1930	X1712.
1930	X1727.1.
1930	X1741.4.
1930	X1791.
1930	X1796.1.
1930	X1817.1.
1930	X1855.
1930	X1856.
1930	X1856.1.
1930	X1856.2.
1930	X1857.
1931	J2349.4.
1931	X908.
1932	F771.1.10.
1932	X1863.
1935	X1505.
1939	X1242.0.1.1.
1940	F703.
1940	X1506.
1950	W111.1.
1950	W111.1.1.
1950	W111.1.2.
1950	W111.1.3.
1951	W111.5.10.
1960A	B871.1.1.1.
1960A	B875.1.
1960A	X1201.
1960A	X1224.1.
1960A	X1233.1.1.
1960A	X1235.1.
1960A	X1241.1.
1960A	X1244.3.
1960A	X1321.1.
1960A	X1342.1.
1960B	B874.
1960B	X1301.
1960C	X1150.1.
1960D	X1401–X1455.
1960E	X1030–X1036.
1960F	X1030.1.1.
1960F	X1031.
1960G	F54.
1960H	X1061.1.
1960J	B31.1.
1960K	X1811.1.
1960L	X1813.
1960M	X1280–X1299.
1960M	X1286.1.4.
1960M	X1286.1.5.
1960M	X1286.1.6.
1961	X1071.
1962A	F531.3.4.1.
1962A	F531.6.8.3.3.
1962A	H1225.
1962A	X941.2.
1962A	X941.3.
1962A	X941.4.
1965	X1791.
1966	X1606.1.
1967	X1115.1.
1967	X1606.2.1.
1967	X1623.
2	K1021.
200	A2281.1.
200	A2492.1.1.
2009	Z21.1.
200A	A2275.5.5.
200A	A2471.1.
200B	A2232.8.
200B	Q433.3.
201	J211.
201	J212.1.
201	L451.2.
201	L451.3.
2010	H602.1.1.
2010	Z22.
2010A	Z22.1.
2010A	Z22.2.
2010I	Z53.
2011	Z39.4.
2012	Z24.
2012	Z24.1.
2012	Z24.1.1.
2012	Z24.1.2.
2012	Z24.1.3.
2013	Z17.
2013	Z49.4.
2014	Z51.
2014	Z51.1.
2015	Z39.1.
2016	Z39.2.
2019	Z31.1.
2019*	Z31.2.
201D*	B325.1.
201D*	K2062.
201G*	J874.
202	J133.1.
202	W167.1.
2021	B257.
2021	Z32.1.
2021	Z32.1.1.
2021B	Z43.2.
2022	Z32.2.
2022	Z32.2.1.
2022B	Z39.5.
2023	Z32.3.
2024*	Z32.4.
2025	Z33.1.
2028	Z33.2.
2028	Z33.3.
2028	Z33.4.
203	J2228.
2030	Z41.
2030	Z41.1.
2030	Z41.3.
2030	Z41.4.
2030	Z41.4.1.
2030	Z41.4.2.
2030	Z41.7.
2030	Z41.7.1.
2030	Z41.8.
2030	Z41.9.
2031	L392.
2031	Z42.
2031A	H631.4.
2031A	H631.5.
2031A	H631.8.
2031A	H631.9.
2031A	Z42.1.
2031B	Z42.2.
2031C	L392.
2032	Z43.
2032	Z43.1.
2034	Z41.4.
2034A*	Z41.7.
2034C	J2081.1.
2034C	Z41.5.
2034F	Z39.9.
2034F	Z47.1.
2035	Z44.
2036	N381.
2039	Z45.
204	A2426.
204	J1711.1.
2040	Z46.
2041	Z49.3.
2042	Z49.6.1.
2042	Z49.6.2.
2042	Z49.6.3.
2042A*	Z49.6.
2043	Z49.5.
2044	Z49.9.
206	J2362.
207	K1633.
207B	W155.1.
207C	B271.3.
209	J215.
20A	B296.
20A	K1024.
20C	J1812.
20C	Z43.3.
20D*	B296.1.
20D*	K2027.
20D*	K2285.
21	K1025.
21	K1025.1.
210	J1162.
211	K25.2.
212	K1151.
212	Q488.1.
214	J2413.1.
214*	J212.1.
214*	L451.2.
214*	L452.1.7.
214*	L452.2.
214A	J2133.1.
214A	J2137.6.
214B	J951.1.
214B	K362.5.
215	J2413.3.
217	J1908.1.
217	K264.2.
218	J1908.2.
219E**	D876.
219E**	J2129.3.
219E**	J514.
219F*	J243.1.
219H*	J1061.1.
220	B238.1.
2200	Z13.
2202	Z13.2.
220C*	A2494.4.4.
221	B236.1.
221	B242.1.2.
221A	K25.1.
221B	A2233.2.
221B	K17.1.1.
222	B261.1.
222	K2323.1.
222A	A2491.1.
222A	B261.1.
223	K1082.3.
224	B282ff..
225	K1041.
2250	Z12.
225A	A2214.5.1.
225A	J2357.
225A	J657.2.
226	K1042.
227	K551.1.
228	L315.1.
229	J2616.
230	K1985.
230*	A2250.1.
2300	Z11.
2301	J1185.
2301	Z11.1.
2302	Z39.3.
231	J657.3.
231	K815.14.
231**	K815.8.
232	J215.3.
232C*	J1141.1.
232D*	J101.
2335	Z19.2.
233A	K522.4.
233B	K581.4.1.
233C	J621.1.
233D	J869.1.
234	A2241.5.
235	A2241.
235	A2313.1.
235C*	K233.1.
236	A2271.1.
236*	A1965.2.
237	J2211.2.
238	K85.
238	K86.
239	K642.1.
240	A2247.4.
240A*	B362.
240A*	B457.1.
240A*	B481.1.
241	B275.4.
241	Q295.
242	K815.
243*	J953.7.
243A	J551.1.
244	J1062.1.
244	J951.2.
244C*	J267.1.
245	L451.1.
246	J641.1.
247	T681.
248	F912.
248	L315.7.
248	N261.
250	K11.2.
250A	A2231.1.2.
250A	A2252.4.
253	L331.
275A	K11.2.
275A	K11.3.
275B	K11.2.
275C	K11.1.
276	J1063.1.
276	U121.1.
277	J643.1.
277A	J955.1.
278	J681.1.
278A	J1064.1.
278A	J652.1.
278A*	J752.1.
279*	J1053.
280	A2251.1.
280A	J711.1.
281	J953.10.
281	J953.6.
281	L315.6.
281	L478.
281*	L278.
281*	L315.6.
282	L315.7.
282A*	J612.1.
282B*	A2332.1.2.
282C*	J2137.1.
283	K815.2.
283H*	L315.7.
285	B391.1.
285	B765.6.
285A	B103.0.4.1.
285A	B335.1.
285A	J15.
285A	Q185.6.
285B	N652.
285B*	B784.2.1.1.
285E	J552.3.
288B*	X1862.
288B**	L148.1.
289	A2275.3.
289	A2471.4.
289	A2491.1.
291	K22.
292	J512.8.
293	J461.1.
295	A2741.1.
295	A2793.1.
295	F1025.1.
295	Z41.4.1.
296	J425.1.
298	L351.
298C*	J832.
299	U114.
2A	J341.1.
2A	J758.1.
2A	K1021.1.
2B	K1021.2.
3	K1875.
3	K473.
3	K522.1.
3*	K1022.3.
300	B11.2.3.1.
300	B312.2.
300	B524.1.1.
300	D1975.
300	D1978.2.
300	H105.1.
300	H151.2.
300	H83.
300	K1932.
300	K1933.
300	S262.
300A	B11.10.3.
300A	B11.11.
300A	B11.2.3.
300A	B11.2.3.2.
300A	B11.2.3.3.
300A	B11.2.3.5.
300A	B401.
300A	B631.
300A	D142.
300A	D185.3.
300A	F601.
300A	F611.2.1.
300A	N451.
300A	T511.5.1.
301	B322.1.
301	B631.
301	F102.1.
301	F451.5.2.
301	F601.
301	F92.
301	H80.
301	K1931.2.
301	K1933.
301	K963.
301	N773.
301	Q262.
301	R111.2.1.
301	T615.
301D*	B11.11.
301D*	C611.
301D*	H94.
301D*	K1933.
301D*	L161.
302	B393.
302	B500.
302	B571.1.
302	D152.2.
302	D182.2.
302	D1834.
302	E710.
302	E711.1.
302	E713.
302	E713.
302	K956.
302	K975.2.
302	L161.
302	R11.1.
302B	E711.10.
302B	F601.
302B	T11.2.
302B	T510.
302C*	C661.
303	B512.
303	D231.
303	E761.
303	G451.
303	H83.
303	K1311.1.
303	K1932.
303	L161.
303	N342.3.
303	R111.1.3.
303	T351.
303	T511.
303	T511.1.1.
303	T511.5.1.
303	T512.
303	T589.7.1.
303A	D231.
303A	E715.1.
303A	R11.1.
303A	R155.1.
303A	T69.1.
304	F666.1.
304	H11.1.
304	H81.
304	H81.1.
304	H81.1.1.
304	H83.
304	K912.
304	L161.
304	N711.2.
304	Q481.
304	T475.2.
305	D1500.1.7.3.3.
305	K1935.
306	D1980.
306	D2131.
306	F1015.1.1.
306	F87.
306	H508.2.
306	H80.
306	K625.1.
306	L161.
307	C758.1.
307	D791.1.7.
307	E251.
307	L162.
307	N825.2.
307	S223.
31	K652.
310	D642.7.
310	F555.
310	G204.
310	G279.2.
310	L162.
310	N455.
310	S222.1.
311	C227.
311	C611.
311	C913.
311	C920.
311	G561.
311	K521.1.
311	K525.
311	Q211.
311	R11.1.
311	R157.1.
311	T721.5.
311B*	K526.
312	C611.
312	G551.1.
312	K551.
312	S62.1.
312D	F611.1.
312D	T511.3.
313	B261.1.
313	C234.
313	D1611.
313	D1978.4.
313	D2003.
313	D2004.2.
313	D2004.3.
313	D2006.1.1.
313	D2006.1.3.
313	D2006.1.4.
313	D2006.1.5.
313	D361.1.
313	D671.
313	D672.
313	D721.
313	G465.
313	H1104.
313	H1113.
313	H1154.8.
313	H335.0.1.
313	S222.
313	S240.
314	B184.1.6.
314	B316.
314	C495.1.
314	C611.
314	C912.
314	C912.
314	D672.
314	G461.
314	G462.
314	H55.
314	H56.
314	H75.4.
314	K1816.1.
314	L113.1.0.1.
314	L132.
314	S211.
314	T55.1.
314	T91.6.4.
314A	B184.1.
314A	G500.
314A	L113.1.4.
314A	L161.
314A	R222.
315	F615.
315	K2212.0.2.
315	L161.
315	R111.1.1.
315A	B521.
315A	B524.1.2.
315A	G30.
315A	G346.
315A	R251.
316	D642.2.
316	F420.5.2.2.
316	R152.
316	S240.
317	C611.
317	F54.1.
317	Q502.2.
318	D610.
318	K2111.
318	K2213.
318	T232.
32	K651.
321	D2161.3.1.1.
322*	C331.
322*	C400.
322*	D1091.
322*	D1092.
322*	D1814.2.
322*	F1068.
322*	F754.
325	C837.
325	D1711.0.1.
325	D612.
325	D615.2.
325	D722.
325	D722.
325	H161.
325	H62.1.
325	K252.
325	L142.2.
326	E571.
326	E577.2.
326	E577.3.
326	H1376.2.
326	H1400.
326	H1415.
326	H1441.
326	H1441.1.
326	Q82.
326B*	K335.1.10.
327A	F771.1.10.
327A	G401.
327A	G412.1.
327A	G512.3.2.
327A	G526.
327A	G82.
327A	G82.1.
327A	G82.1.1.
327A	R135.
327A	R135.1.
327A	S143.
327A	S321.
327B	K1611.
327C	G526.
327C	G61.
327F	F556.2.
327F	G512.3.2.
327F	G526.
327F	K1832.
327G	G512.3.2.1.
327G	K335.1.2.1.
328	B103.1.1.
328	D1067.2.
328	D1400.1.4.1.
328	G514.1.
328	G610.3.
328	H1151.
328	H1151.9.
328	H1172.
328	H911.
328*	G121.1.
328*	G612.
328A	B103.2.1.
328A	D1601.18.
328A	F54.2.
328A	G532.
328A	G84.
329	D684.
329	H321.
329	H982.
33	K522.
330	750A–750C
330	D1412.1.
330	D1413.1.
330	D1413.5.
330	J2071.
330	K213.
330	K2371.1.3.
330	M211.
330	N221.
330	Q115.
330	Q565.
330	Z111.2.
331	D1240.
331	D2102.
331	K717.
331	R181.
332	D1825.3.1.
332	E765.1.3.
332	J486.
332	K551.1.
332	K551.9.
332	Z111.
333	F913.
333	J21.5.
333	K2011.
333	Q426.
333	Z18.1.
335	J1051.
336	C495.2.1.
336	K217.
336	M175.
336	R175.
34	J1791.3.
34A	J1791.4.
34C	J344.1.
35A*	K331.
35B*	K1115.1.
36	K1384.
36	K521.3.
361	C721.1.
361	C723.1.
361	L54.1.
361	M211.
362*	K217.
363	D40.
363	D610.
363	G20.
365	E215.
366	E235.4.
366	E235.4.1.
366	E235.4.2.
366	G60.
369	H1381.2.2.1.
37	K931.
38	K1111.
4	K1241.
4	K1818.
400	B221.
400	B422.
400	B437.2.
400	B652.1.
400	C31.5.
400	C31.6.
400	D1361.14.
400	D1364.15.
400	D1364.4.1.
400	D1470.1.15.
400	D1521.1.
400	D1972.
400	D2074.2.3.1.
400	D361.1.
400	D361.1.1.
400	D721.2.
400	D758.1.
400	D831.
400	D832.
400	F302.
400	H1232.
400	H1235.
400	H1242.
400	H1303.
400	H1385.3.
400	K218.2.
400	L161.
400	N681.
400	S240.
401A*	D759.10.
401A*	D759.9.
402	B313.
402	B493.1.
402	D700.
402	D711.
402	H1301.1.
402	H1306.
402	H1307.
402*	D661.
402*	T75.1.
403	B848.
403	D1454.1.2.
403	D1454.2.
403	D161.2.
403	D1860.
403	D1870.
403	D688.
403	D712.4.
403	H1023.3.
403	K1911.
403	K1911.1.2.
403	L162.
403	M431.2.
403	N711.
403	Q2.
403	Q261.
403	Q465.1.
403	S432.
403	T11.2.
404	D1454.2.
404	D1454.4.
404	D1454.7.
404	E781.2.
404	S165.
405	D150.
405	D683.2.
405	D711.
405	D771.
406	D11.1.
406	D716.
406	G33.
406	T101.
407	C15.
407	D212.
407	D711.4.
407	E0.
407	E631.1.
407	G20.1.
407	J1791.6.1.
407	T101.
407	T24.1.
407	T513.
407	T555.
408	D150.
408	D170.
408	D610.
408	D721.5.
408	J1911.2.2.
408	K1911.3.
408	S375.
409	D113.1.
409	D721.3.
409	Q261.
409A	T111.
409A	T554.
409B*	T111.
409B*	T575.1.
40A*	K1022.4.
40A*	K1114.
41	K1022.1.
410	B211.7.1.
410	B493.1.
410	D1364.17.
410	D1960.3.
410	D1967.1.
410	D1978.5.
410	D735.
410	F316.
410	F316.1.
410	F361.1.1.
410	F771.4.4.
410	F771.4.7.
410	G269.4.
410	M341.2.13.
410	N711.2.
411	B29.1.
411	D1469.10.1.
412	E711.4.
413	C311.
413	E121.5.
413	K1335.
413	N826.
413	Z211.
425	B620.1.
425	B640.1.
425	C32.1.
425	C421.
425	C757.1.
425	C758.1.
425	C916.1.
425	C932.
425	D2006.
425	D2006.1.4.
425	D621.1.
425	H1114.
425	H1232.
425	H1233.1.1.
425	H1235.
425	H1385.4.
425	L54.1.
425	Q482.1.
425	Q502.2.
425	S228.
425	S241.
425	S525.
425	T111.
425*	D700.
425*	H1385.4.
425*	T118.
425A	C758.1.
425A	L221.
425B	B435.3.
425B	C932.
425B	D113.1.
425B	D621.1.
425B	D671.
425B	D672.
425B	G204.
425B	H1010.
425B	H1023.6.
425B	H1066.
425B	H1122.
425B	H1125.
425B	H1385.4.
425B	H931.
425B	K978.
425B	S228.
425C	C761.2.
425C	D735.1.
425C	L221.
425C	S222.
425D	B640.1.
425D	C932.
425D	C991.
425D	D150.
425D	H11.1.1.
425D	H1194.
425D	K1837.
425D	T68.
425E	C611.
425M	C421.
425M	D215.
425M	H1010.
425M	H1125.
425M	K1335.
425M	N825.3.
425M	Q502.2.
426	D763.
426	F451.5.2.1.
426	F451.6.1.
426	F452.2.3.1.
426	K1111.1.
43	J741.1.
430	B641.4.
430	D721.3.
430	D963.
431	D133.1.
431	D166.1.1.
431	D1890.
431	D731.
431	L162.
431	L54.
431	Q2.
432	B642.
432	D641.1.
432	H1385.5.
432	K1837.
432	K2212.1.
432	L221.
432	N452.
432	S181.
433B	D721.3.
433B	D735.1.
433B	D766.1.
433B	T510.
433B	T513.
434	D150.
434	H1233.1.
434	H1385.5.
434	T24.1.
434*	D161.
434*	D641.
434*	D700.
434*	H1132.1.7.
434*	H911.
434*	L161.
44	K1115.
440	C41.2.
440	D711.
440	D735.1.
440	D743.
440	D789.
440	F875.
440	S215.1.
441	B641.5.
441	C758.1.
441	D721.3.
441	S226.
441	T554.
442	D1076.
442	D431.2.
442	L162.
449	D141.
449	D682.3.
449	K1535.
450	D114.1.1.
450	D135.
450	D150.
450	D170.
450	D555.
450	D688.
450	E323.1.1.
450	H13.
450	K1911.
450	K1911.1.2.
450	K1911.2.2.1.
450	N711.1.
450	P253.2.
450	S142.
450	S31.
450	S31.5.
451	D0161.1.
451	D151.5.
451	D753.1.
451	D758.
451	H1232.
451	K2116.1.
451	N344.1.
451	N711.
451	P251.6.7.
451	P253.0.5.
451	S272.
451	S272.1.
451	T595.
451	Z71.5.1.
460	H1281.
460A	H1291.
460B	H1281.
460B	N127.0.1.
461	A1111.
461	G521.5.
461	H1273.2.
461	H1291.
461	H1292.
461	P413.1.1.
461	Q521.5.
462	G264.
462	G369.1.5.
462	G405.
462	G72.2.
462	K511.
462	L71.
462	S435.
462	S438.
465	B642.
465	H1023.3.
465	H1211.
465	H1233.2.1.
465	H1335.
465	H1335.
465	H911.
465	H931.1.
465	T11.2.
467	D457.1.1.
467	D457.1.3.
470	D2011.
470	E228.
470	F171.1.
470	F171.2.
470	F171.3.
470	M253.
470A	C13.
470A	D2011.
470B	F116.
471	D231.
471	E481.
471	F152.
471	F171.
471	F171.0.1.
471	F171.1.
471	F171.3.
471	F171.5.
471	H1242.
471	H1251.
471	H1385.6.
471	R155.1.
471A	D2011.1.
475	C325.
475	C721.1.
475	D475.1.
475	D861.1.
475	D885.
475	M210.
475	M411.1.
476	D475.1.1.
476	F342.1.
476	N532.
476**	B81.6.
476**	D475.1.
476**	F333.
476**	F372.
476**	F451.5.5.
47A	A2211.2.
47A	A2342.1.
47A	K1022.2.
47A	K1047.
47B	J1608.
47B	J954.1.
47B	K551.18.
47B	K566.
48*	J815.1.
480	B350.
480	C611.
480	D1454.2.
480	D1658.
480	D1658.1.5.
480	G204.
480	G466.
480	H1023.2.
480	H1023.6.
480	H1192.
480	H1226.
480	H934.3.
480	H935.
480	L211.
480	M431.2.
480	N777.2.
480	N791.
480	Q2.
480	Q41.
480	Q41.2.
480	S31.
49	K1023.
49A	J1761.6.
49A	K1023.1.
49A	K1023.5.
5	K543.
50	K961.
50	K961.2.
500	C432.1.
500	D2183.
500	H1021.8.
500	H1092.
500	H521.
500	H914.
500	N475.
500	S222.
500	S222.1.
501	D2183.
501	G201.1.
501	G244.
501	H1092.
501	H914.
501	H915.
502	B316.
502	C611.
502	G671.
502	L161.
502	R222.
503	F331.1.
503	F331.3.
503	F331.4.
503	F342.1.
503	F344.1.
503	J2415.
505	E341.
505	H11.1.
505	H331.2.
505	H94.4.
505	H972.
505	L161.
505	M241.
505	M241.1.
505	N848.1.
505	Q271.1.
505	R111.1.6.
505	R163.
505	S142.
506*	M241.1.
506*	M341.1.4.
506*	T548.1.
507	E341.
507	H322.1.
507	M241.
507	M241.1.
507	Q271.1.
507	T172.2.1.
50A	J644.1.
50B	K1632.
50C	W121.2.1.
51	J811.1.
51	J811.1.1.
51***	K452.
51***	K815.7.
510A	B450.
510A	C761.3.
510A	D1050.
510A	D842.1.
510A	E323.2.
510A	F823.2.
510A	H36.1.
510A	K1911.3.3.1.
510A	L55.
510A	N711.4.
510A	N711.6.
510A	N815.
510A	R221.
510A	S31.
510B	F821.1.3.
510B	H151.5.
510B	H94.2.
510B	H94.4.
510B	K521.1.
510B	M255.
510B	N711.6.
510B	R255.
510B	T311.1.
511	B100.1.
511	B115.
511	B505.
511	B535.0.1.
511	C513.
511	D1461.
511	D1470.2.
511	D590.
511	D830.1.
511	F512.1.
511	F512.2.1.1.
511	F811.1.
511	H31.12.
511	L162.
511A	B535.0.1.
513A	D2144.1.2.
513A	F601.
513A	F621.
513A	F632.
513A	F633.
513A	F641.1.
513A	F641.2.
513A	F641.3.
513A	F661.5.3.
513A	F681.1.
513A	H1114.
513A	H1127.
513A	H1142.
513A	H1511.
513A	H331.
513A	H331.5.1.
513B	D1533.1.1.
513B	F601.
513B	F601.2.
513B	H331.
513B	H335.
513B	L161.
513B	N825.2.
514	D11.
514	K1837.
514**	K1825.1.22.
514**	K1837.
514**	K2111.
515	L161.
515	Q42.
516	B143.
516	B211.3.
516	C423.4.
516	C961.2.
516	D766.2.
516	E113.
516	H1515.
516	H1516.
516	K1332.
516	K1341.
516	N342.1.
516	N451.
516	P273.1.
516	P311.
516	P361.
516	S268.
516	T11.2.
516	T11.2.1.
516	T11.3.
516	T172.2.
516C	H1558.0.1.1.
516C	S268.
516C	T351.
517	B143.
517	B215.1.
517	B216.
517	M312.0.2.
517	M373.
517	N682.
518	D832.
519	D1500.1.18.
519	F601.2.
519	H345.
519	H345.1.
519	K1816.6.
519	K1844.1.
519	Q0451.2.
519	S162.
519	T173.1.
519	T58.
519	Z3.
51A	J811.2.
52	K402.3.
53	J864.2.
53	K2055.
53*	U113.
530	B181.
530	B315.
530	B401.
530	F1071.
530	F751.
530	F989.1.
530	H1462.
530	H1471.
530	H331.1.1.
530	H331.1.2.
530	H331.1.3.
530	H331.1.4.
530	H80.
530	R111.2.2.
531	B133.
531	B211.1.3.
531	B313.
531	B341.
531	B350.
531	B391.
531	B401.
531	B450.
531	B470.
531	B501.
531	D131.
531	D1865.1.
531	D700.
531	E12.
531	E15.1.
531	H1213.1.
531	H1381.2.2.1.
531	H1381.3.
531	H1381.3.1.1.
531	H75.2.
531	H9.1.
531	H911.
531	H982.
531	J2411.1.
531	K1934.
531	N811.
531	T11.4.1.
533	B133.3.
533	B335.
533	D1011.
533	H13.1.2.
533	H13.2.7.
533	K1816.5.
533	K1911.1.1.
533	K1933.
533	K2252.
537	B211.3.
537	B222.
537	B380.
537	B552.
537	C321.
537	D1174.1.
537	Q45.
537	R222.
537	S222.
540	B541.4.
540	D711.
545A	B211.1.8.
545A	B421.
545A	B422.
545A	B435.1.
545A	B581.1.2.
545A	D711.
545A	F771.4.1.
545A	N411.1.1.
545A*	B211.1.8.
545A*	B421.
545A*	B422.
545A*	B435.2.
545A*	D711.
545A*	F771.4.1.
545B	B211.1.8.
545B	B422.
545B	B435.1.
545B	B435.2.
545B	B441.1.
545B	B580.
545B	B581.
545B	B582.1.1.
545B	B582.1.2.
545B	D711.
545B	F771.4.1.
545B	K1917.3.
545B	K1952.1.1.
545B	K722.
55	A2233.1.
55	A2233.1.2.
55	A2233.1.3.
55	Q321.
550	B102.1.
550	B184.1.
550	B313.
550	B435.1.
550	B560.
550	D961.
550	F813.1.1.
550	H1210.1.
550	H1213.
550	H1233.6.
550	H1239.3.
550	H1241.
550	H1242.
550	H1331.1.
550	H1331.1.2.
550	H1331.1.3.
550	H1471.
550	K1932.
550	L13.
550	L161.
550	N711.3.
550	N771.3.
550	W154.12.3.
551	D1500.1.18.
551	H1210.1.
551	H1242.
551	H1321.2.
551	H1324.
551	H1331.1.
551	H1381.2.1.
551	H81.1.
551	K1932.
551	K2211.
551	L161.
551	N711.3.
551	T475.2.
551	W154.12.3.
552	B501.
552	B505.1.
552	B620.1.
552	B640.
552	C26.
552	D2105.
552	D620.
552	D621.1.
552	J2411.3.
552	R221.1.
552	S221.1.
552A	D621.1.
554	B571.
554	B582.2.
554	H982.
555	B170.
555	B375.1.
555	C420.
555	C773.1.
555	D1761.0.1.
555	J514.
555	L420.
555	Q338.
556F*	H1199.12.2.
559	B482.2.
559	B571.
559	B582.2.
559	F591.
559	H1194.
559	H341.
559	H982.
559	L161.
559	T171.
559	T68.
56	K1788.
56	K751.
560	B360.
560	B421.
560	B422.
560	B505.
560	B548.1.
560	D1131.1.
560	D1470.1.
560	D1470.1.15.
560	D1662.1.
560	D2136.2.
560	D810.
560	D812.
560	D817.1.
560	D840.
560	D861.4.
560	D861.5.
560	D882.
560	D882.1.1.
560	K2213.
560	K431.
561	D1131.1.
561	D1132.1.
561	D1421.1.5.
561	D1470.1.
561	D1470.1.16.
561	D1470.1.5.
561	D1662.2.
561	D2136.2.
561	D371.1.
561	D812.5.
561	D840.
561	D860.
561	D881.
561	L161.
562	D1391.
562	D1421.1.2.
562	D1421.1.4.
562	D1426.
562	D1470.1.
562	D765.1.
562	D845.
562	E765.1.
562	K331.
562	N813.
562	R135.
563	B103.1.1.
563	D1030.1.
563	D1401.1.
563	D1401.2.
563	D1472.1.22.
563	D1472.1.7.
563	D1601.5.
563	D1651.2.
563	D861.1.
563	D861.2.
563	D861.3.
563	D881.2.
563	J2355.1.
563	K2241.
565	A1115.2.
565	C916.3.
565	D1472.1.9.
565	D1601.10.1.
565	D1601.21.1.
565	D1651.
565	D1651.3.
566	D1375.1.
566	D1375.2.
566	D1376.1.
566	D1451.
566	D1470.1.
566	D1475.1.
566	D1520.
566	D1520.11.
566	D812.
566	D861.6.
566	D881.1.
566	D895.
566	D992.1.
566	N821.
567	B113.1.
567	D132.1.
567	D1561.1.1.
567	D551.2.
567	D661.
567	D861.5.
567	D965.
567	D983.
567	M312.3.
567A	H171.1.
567A	K2111.
567A	K512.
567A	N311.
567A	N683.
567A	S264.1.
567A	S322.4.
569	D1222.
569	D1470.1.
569	D1472.1.22.
569	D1475.4.
569	D831.
569	D840.
56A	K751.
56A	K827.4.
56A*	K827.4.
56A*	K828.2.
56A*	K911.
56B	K1822.2.
56B	K811.
56B	K911.
56B	K931.1.
56C	K1822.2.
56C	K931.1.
56D	K827.1.
57	A2426.2.6.
57	K334.1.
570	H1045.
570	H1112.
570	H335.
570	K1271.1.1.
570	K1288.
570	K1358.
570	T68.
570*	D1224.
570*	D1427.1.
570*	D1441.1.2.
570A	K1837.
571	D1413.
571	D2171.3.1.
571	D2171.5.
571	D817.
571	F591.
571	H1194.
571	H341.
571	H341.1.
571	K422.
571	T68.
571B	D1413.7.
571B	D1413.8.
571B	D812.3.
571B	H1010.
571B	H931.
571B	K1217.
571C	D1268.
571C	D1469.2.
571C	D1651.
571C	D861.2.
571C	H1196.
571C	T67.3.1.
575	F1021.1.
575	K1346.
575	R111.3.1.
575	R215.1.
576	D1083.
576	D1400.1.4.3.
576	D1400.1.6.
576	D838.
577	D1581.
577	D1601.14.
577	D1601.15.
577	D1601.16.
577	D1601.18.2.
577	H335.
577	H971.1.
577	T68.
58	B555.
58	K579.2.
580	D1900.
580	D856.
580	T45.
585	D1337.1.7.
585	D1425.1.
585	D1484.1.
585	D1485.1.
585	H1311.2.
59	J2066.1.
59	J871.
59*	K2131.1.
59*	K2131.2.
590	B315.
590	B431.2.
590	B512.
590	B520.
590	D1335.4.
590	D1335.5.
590	D1364.4.1.
590	D840.
590	D861.
590	D880.
590	F615.
590	F615.2.1.
590	H1211.
590	H1212.
590	H1333.3.1.
590	H1333.3.1.1.
590	H1333.3.1.3.
590	H1361.
590	H931.
590	K975.
590	R111.1.1.
590	S12.1.
591	D1412.2.
591	D1605.1.
591	D851.
591	N421.
592	D1415.2.5.
592	D1653.1.4.
592	D1653.1.7.
592	D1761.0.1.
592	D1761.0.2.
592	K551.3.1.
592	N55.
592	N55.1.
592	Q42.1.
592	S322.4.
592	W154.1.
593	D1314.
593	D1314.17.
593	D1413.
593	D1413.17.
593	D2172.1.
593	N825.3.
594*	D1442.1.
594*	D1562.4.
594*	D1653.1.7.
6	K561.1.
6*	K561.1.
61	K721.
61	K815.1.
610	D1500.1.5.
610	H346.
610	L10.
610	L13.
610	L161.
610	N825.3.
610	Q2.
611	D1400.1.4.1.
611	D1500.1.19.
611	D817.1.
611	F451.5.1.
611	T102.
612	B491.1.
612	B512.
612	D1500.1.4.
612	E105.
612	E165.
612	K2213.2.
612	K2213.5.
612	M254.
612	P361.
612	Q261.
612	S123.2.
612	S142.
613	B253.
613	C940.1.
613	D1505.5.
613	D2064.1.
613	D2101.
613	F1045.
613	F933.2.
613	G661.1.
613	H1181.
613	H1193.
613	H346.
613	H963.
613	K451.1.
613	M225.
613	N2.3.3.
613	N451.1.
613	N452.
613	N452.1.
613	N471.
613	N552.1.1.
613	N61.
613	N92.
613	S165.
613	V34.2.
61B	K815.15.
62	J1421.
62	K579.8.
62	K815.1.1.
62A	K191.
62A	K2010.3.
63	K921.
630C	E524.2.1.
65	N681.
65	T211.6.
650A	B631.
650A	F514.2.
650A	F611.1.11.
650A	F611.1.12.
650A	F611.1.13.
650A	F611.1.14.
650A	F611.1.15.
650A	F611.2.1.
650A	F611.2.3.
650A	F611.3.1.
650A	F612.1.
650A	F612.3.1.
650A	F613.
650A	F613.1.
650A	F613.2.
650A	F613.3.
650A	F613.4.
650A	F614.1.
650a	F614.6.
650A	F615.
650A	F615.1.
650A	F615.2.3.
650A	F615.3.1.
650A	F615.3.1.1.
650A	F80.
650A	H1272.
650A	H931.
650A	K1411.
650A	K1421.
650A	K1422.
650A	T516.
650B	F531.5.11.
650B	J2631.
650C	D1846.4.
652	D141.
652	D1761.0.1.
652	D212.1.
652	D630.1.
652	D711.4.
652	H151.7.
652	K2155.1.
652	K2250.
652	L162.
652	N811.
652	N856.1.
652	Q455.
652	R131.8.5.
652	S451.
652	T52.1.
653	F642.
653	F642.1.
653	F660.1.
653	F661.1.1.
653	F661.4.
653	F662.1.
653	F662.2.
653	H1151.12.
653	H504.
653	H621.2.
653	K305.1.
653	P251.6.2.
653	Q112.
653	R111.1.3.
653	R111.7.
653	R166.
653	Z16.
653A	D1323.15.
653A	D1500.1.5.1.
653A	D1520.18.
653A	D1520.19.
653A	E106.
653A	H621.2.
653A	Z16.
653B	H621.2.
653B	T92.0.1.
653B	T92.14.
653B	Z16.
654	F660.1.
654	F663.1.
654	F665.1.
654	F667.1.
654	H504.
655	F647.1.
655	F647.5.1.
655	H486.1.
655	J1661.1.
655	J1661.1.1.
655	J1661.1.2.
660	E780.2.
660	E781.3.
660	E782.
660	E782.1.1.
660	E786.
660	E787.
660	F668.1.
660	H504.
665	B350.
665	B515.
665	D1081.
665	D117.2.
665	D1470.1.15.
665	D150.
665	D170.
665	D630.1.
665	D641.
665	E341.
665	H78.2.
665	K1931.3.
665	N681.
665	Q42.1.
666*	T83.
667	D630.1.
667	F440.
667	K1932.
667	K1935.
667	R142.
667	S142.
66A	K1722.
66A	K607.1.
66B	K1860.
66B	K607.2.1.
66B	K607.3.
67	J873.
67**	K542.1.
67**	K634.1.
670	B165.1.
670	B216.
670	B350.
670	B469.5.
670	C425.
670	N451.
670	N456.
670	T252.2.
670	T253.1.
670A	N342.6.
670A	N547.
671	B215.1.
671	B215.2.
671	B215.4.
671	H171.2.
671	K512.2.
672	B112.
672	B165.1.2.
672	B244.1.
672	B765.2.
672	B765.6.
672	D1011.3.1.
672	E714.2.
673	B217.1.1.
673	N451.
674	N365.1.1.
674	N451.
675	B375.1.
675	D1131.1.
675	D1523.1.
675	D1601.
675	D1761.0.1.
675	H481.
675	H481.1.
675	H486.
675	L114.1.
675	L175.
675	S141.
675	S147.
675	T513.
678	E725.
67A*	K526.
68	F929.1.
68	J2136.6.1.
68	K1022.1.1.
68	K565.2.
68	K952.1.1.
68*	J655.1.
68*	J655.2.
681	D2012.1.
682	H1113.1.
68A	J2131.5.7.
7	N51.
70	A2342.1.
70	J881.1.
700	F353.1.1.
700	F535.1.
700	F535.1.1.1.
700	F535.1.1.8.
700	F911.3.1.
700	F913.
701	F531.5.1.
704	H41.1.
705A	N711.
705A	R13.3.
705A	S410.
705A	T511.5.1.
705A	T578.
705B	T541.16.
705B	T578.
706	E782.1.
706	K2110.1.
706	K2117.
706	L162.
706	N711.
706	Q451.1.
706	S11.1.
706	S211.
706	S322.1.2.
706	S451.
706B	T327.1.
706B	T333.3.
706D	D1622.3.
707	B131.2.
707	D231.2.
707	H1320.
707	H1321.1.
707	H1321.4.
707	H1321.5.
707	H1331.1.1.
707	H1333.1.1.
707	H1381.2.2.1.
707	H151.1.
707	H71.1.
707	H71.2.
707	H71.3.
707	H71.7.
707	K2110.1.
707	K2115.
707	L162.
707	N201.
707	N455.4.
707	N825.3.
707	Q261.
707	R131.2.
707	R158.
707	S142.
707	S301.
707	S410.
707	S451.
708	D1717.1.
708	D741.
708	D741.1.
708	L112.1.
708	S441.
709	D1311.2.
709	D1323.1.
709	D1364.16.
709	D1364.4.1.
709	D1364.9.
709	E21.1.
709	E21.3.
709	F451.5.1.2.
709	F852.1.
709	K512.2.
709	L55.
709	M312.4.
709	N831.1.
709	Q414.4.
709	S111.2.
709	S111.3.
709	S111.4.
709	S322.2.
709	Z65.1.
709A	J1146.
709A	S352.
71	A2342.1.
71	H1541.1.
710	C611.
710	C911.
710	C944.
710	D2025.1.
710	G261.
710	G711.1.
710	H13.2.
710	H215.
710	J213.
710	K2116.1.1.
710	N711.1.
710	Q451.3.
710	S211.
710	S240.
710	S242.
710	V271.
711	C152.
711	D1860.
711	D732.
711	L145.1.
711	T548.2.
711	T551.3.
712	H151.8.
712	K2110.1.
712	K2112.
712	K2116.1.1.1.
712	K2135.1.
712	S410.
712	S451.
713	D1652.1.
713	D2081.
713	D2157.1.
713	H151.11.
713	H481.1.
713	K2112.
715	B171.1.
715	B171.1.1.
715	B435.1.
715	D1382.8.
715	D915.2.
715	F601.7.
715	K481.
715A	B103.1.
716*	J2072.4.
72	K1241.
72	K1241.1.
72*	J61.
720	E30.
720	E607.1.
720	E610.1.1.
720	E613.0.1.
720	G61.
720	Q412.
720	S121.
725	D1812.3.3.
725	H551.
725	L425.
725	M312.0.1.
726	F571.2.
729	Q3.1.
73	K621.
735	N181.
735A	N112.
735A	N112.1.
736	N421.
736A	N211.1.
737	D1825.1.
737B*	N251.5.
739*	N251.6.
740**	N528.
745	D1288.
745	D1602.11.
745	N212.
745A	N212.
75	B363.
75	B371.1.
75	B437.2.
75	B454.1.
75	J426.
75*	J2066.5.
750*	K1811
750*	Q2.
750**	K1811
750**	Q2.
750A	D1288.
750A	D1761.0.2.
750A	D2172.2.
750A	J2071.
750A	J2072.3.
750A	J2073.
750A	J2075.
750A	Q1.1.
750B	Q1.1.
750B	Q141.
750C	D133.1.
750D, 751B, 751A*, 751C* 930*	K1811.1.
750E	A2221.5.
750E	A2231.7.1.
750E	A2231.7.1.1.
750E	A2711.3.
750E	A2711.4.
750E	A2711.4.1.
750E	A2711.4.2.
750E	A2711.4.3.
750E	A2711.7.
750E	A2721.4.
750E	B523.1.
750E	D2157.2.
750E	Q292.1.
750E	Q46.1.
750H*	E756.2.
750H*	N221.
750H*	Q142.
750H*	Q451.
750K*	D1761.0.2.2.
750K*	F341.
750K*	J2073.
750K*	N625.3.
750K**	D1761.0.2.
750K**	D342.
750K**	D56.
750K**	F341.
750K**	J1919.5.
750K**	J2072.
751A	D153.1.
751A	D1652.1.2.
751A	K1811.
751A	Q1.1.
751A	Q291.1.
751A	Q292.1.
751A	Q551.3.1.
751A	Q551.3.2.2.
751A	Q556.7.
751A*	Q1.1.
751A*	Q292.1.
751B	Q1.1.
751B	Q292.1.
751B	Q594.
751B*	Q2.
751C*	Q292.1.
751E*	A751.
751E*	A751.1.
751E*	A751.1.1.
751E*	A751.2.
751E*	A751.3.
751E*	A751.4.
751E*	A751.6.
751F*	Q291.
751F*	Q415.2.
751G*	D471.1.
751G*	D474.
751G*	D661.
751G*	M411.2.
751G*	Q272.
752A	J2411.
752A	K1811.
752B	J755.1.
753	A1861.2.
753	D1886.
753	E121.2.
753	E782.4.
753	F663.0.1.
753	J2411.1.
753	K1811.
753*	K1811.
753*	Q551.3.2.6.
754	J1085.
754**	T251.3.
755	F1038.
755	F971.2.
755	Q251.
755	Q431.4.
755	Q552.9.
755	T572.1.
756A	F971.1.
756A	L435.1.
756A	Q521.1.
756A	Q553.2.
756B	F771.1.9.
756B	F81.2.
756B	H1235.
756B	H1273.1.
756B	J172.
756B	M211.
756B	N843.
756B	Q172.3.
756B	Q312.3.
756B	Q520.
756B	Q520.2.
756B	Q521.1.1.
756B	Q521.1.2.
756B	Q561.
756B	R211.
756B	R222.
756B	R223.
756B	R224.
756B	R225.
756B	R240.
756B	S211.
756B	S212.
756B	S223–226.
756B	S240.
756C	C55.2.
756C	Q211.1.
756C	Q22.1.
756C	Q222.1.
756C	Q520.1.
756C	Q521.1.1.
756C	Q521.1.2.
756C	Q521.2.
756C	Q521.3.
756C	Q521.4.
756C	Q523.5.
756C	Q545.
756C	V29.1.
756D*	W15.
756E*	V410.1.
756G*	D1766.1.
756G*	D2136.3.1.
757	L411.
758	A1650.1.
759	C410.
759	C411.1.
759	C423.2.
759	C491.
759	J225.0.1.
759	J225.0.2.
759	J225.3.
759	J225.4.
759	J225.5.
759	U21.3.
759*	K1811.
759A	J157.1.
759A	V31.1.
759A	V39.3.
759B	F1011.1.
759B	V29.3.
759B	V43.
759C	E754.2.2.1.
759C	J335.1.
759C	N456.
759D	A106.2.
759D	A1549.4.
759D	D1810.0.1.
759D	D1811.2.
759D	E722.2.10.
759D	E754.2.2.1.
759D	J225.0.1.1.
759D	J225.8.
759D	M304.
759D	N456.
759D	V233.1.
759E	P411.1.
75A	B491.4.
76	W154.3.
760	E411.0.2.
760	E411.1.
760	Q211.3.
760**	E411.0.1.
760***	D791.1.3.
760A*	Q272.3.
761	Q370.
761	Q584.2.
762	L435.2.1.
762	T586.1.
762	T587.1.
763	K1685.
765	Q211.8.
765	R153.2.1.
765	S12.
766	D1960.1.
767	Q172.1.
768	Q25.
769	E324.
769	E361.
77	L461.
77*	K2055.
77*	U125.
770	K1841.1.
770A*	V238.
772	A2221.2.2.
772	A2721.2.1.
772	Z352.
772*	A2221.2.1.
772*	B483.
773	A1217.
773	A1750ff.
773	A1751.
773	A1755.
773	A1756.
773	A1811.
773	A1833.1.
773	A1862.
773	A1893.
773	A2286.2.1.
773	A2286.2ff.
773	A63.4.
773	K483.
774A	E34.
774A	E783.1.
774D	L423.
774H	A2738.
774H	A2755.4.
774J	A1315.2.
774K	J225.0.2.
774L	A2613.1.
775	J2072.1.
777	A221.3.
777	Q502.1.
777*	E511.
777*	E512.
778	K231.3.
778	K231.3.1.
778*	V55.
779E*	C94.1.1.
779E*	Q386.
779F*	E242.
779F*	E492.
779G*	A2793.5.
779G*	C851.1.2.
779G*	F962.3.
779H*	F962.3.
779J*	C631.
779J*	C94.1.1.
78	K713.1.1.
780	D1610.2.
780	D1610.34.
780	E631.
780	E632.
780	N271.
780B	D1610.2.2.
780B	E631.
780B	Q581.
780C	Q551.3.3.
781	B131.1.
781	B215.
781	N271.4.
781	Q211.4.
782	D1316.5.
782	D1610.34.
782	F511.2.2.
782	N465.
785	J1141.1.1.
785	K1811.
785	K402.
785A	K402.1.
78A	K712.1.1.
790*	J556.1.
791	K1132.
798	A1224.3.
798	K1971.12.
8	A2317.12.
8	K1013.
8	K1013.2.
800	A661.0.1.2.
800	F1037.1.
800	L435.3.
800	P441.1.
801	A661.0.1.2.
801	F13.
801	F171.6.3.
801	F171.6.4.
801	H1023.2.
801	Q312.1.
802	E758.
802	W245.
802A*	E751.1.
802A*	V4.1.
802A*	V512.1.
802C*	Q172.4.1.
803	A1071.1.
804	A661.0.1.2.
804	F51.1.3.
804	Q291.1.
804B	K1781.
805	V254.6.
808	E751.1.
808	E756.1.
808A	E721.
808A	E734.2.
808A	E751.1.
808A	E756.1.
80A*	B841.1.
80A*	J1451.
81	A2233.2.1.
810	D1381.11.
810	G303.16.19.15.
810	K218.1.
810	M211.
810	S211.
810	S241.
810A	G303.9.3.1.1.
810A*	E452.
810A*	G303.14.
810A*	G303.16.19.4.
810A*	G303.17.1.1.
810A*	G303.9.1.13.
810A*	G303.9.1.2.
810A*	G303.9.1.5.
810A*	G303.9.1.6.
810A*	G303.9.1.7.
810A*	R211.
810A*	S211.
810B*	S211.
811	K218.3.
811	S211.
811A*	S211.
812	G530.4.
812	G661.1.
812	G661.2.
812	H1010.
812	H523.
812	H543.
812	H602.1.1.
812	H671.
812	H672.
812	H673.
812	M211.
812	N451.1.
812	N810.
812	Z22.
813	C12.
813*	J2401.
815	D1381.11.
815	K218.1.
815*	K210.
816*	G303.3.1.12.
816*	T332.
817*	G303.16.8.
818*	V29.8.
820A	M213.
821A	C12.2.
821A	G303.22.11.
821A	Q45.2.
821B	J1191.2.
822*	K231.4.
823A*	N383.3.
823A*	T412.2.
824	K1531.
825	A1015.
825	A1021.
825	A1853.1.
825	A2001.
825	A2031.2.
825	A2145.2.
825	A2214.3.
825	A2232.4.
825	C12.5.1.
825	F531.5.9.
825	F837.
825	G303.14.1.1.
825	H1116.1.
825	H1199.13.
825	K2213.4.
825	K2213.4.2.
825	K485.
826	G303.24.1.3.
827	D2125.1.
827	V51.1.
830	E161.
830A	A2412.1.1.
830A	E161.
830A	Q221.6.
830A	Q223.2.
830B	C454.
830C	N385.1.
830C	U15.0.1.
831	Q551.2.
832	Q211.4.
832	Q553.5.
834	D1454.
834	N182.
834	N531.
836	C454.
836	L412.
836F	D1323.5.
836F*	D1331.3.1.
836F*	D1331.3.2.
836F*	J514.3.
837	N332.1.
838	Q586.
839	J485.
840	E733.1.
840	F171.6.
841	N351.
842A*	N524.1.
842C*	J1931.
843*	J1011.
844	N135.3.
844*	K1465.
845	C11.
846	K1811.
846	N111.4.1.
846*	J1712.
85	J512.7.
850	H315.
850	H51.1.
850	H525.
850	K1358.
850	K443.6.
851	H117.
851	H342.
851	H540.2.
851	H551.
851	H565.
851	H721.1.
851	H734.
851	H762.
851	H792.
851	H802.
851	H81.2.
852	F54.2.
852	H342.1.
852	K1271.1.
852	X1036.1.
852	X1201.
852	X1237.
852	X1423.1.
852	X1424.
852	X1547.2.
852	X1726.2.
852	X1739.2.
852	X1757.
852	X1858.
852	X920.
853	D1395.2.
853	D1395.3.
853	D1415.2.5.
853	H507.1.
853	H507.1.0.1.
853	K1331.
853	L161.
853A	K1331.
854	H161.
854	H161.1.
854	H322.
854	K1341.1.
855	H11.
855	H11.1.1.
855	H17.
855	K19.5.3.
855	M341.1.
856	D638.1.
856	E0.
856	K1317.9.
856	K1371.1.
856	K1816.0.3.
856	M373.
856	N318.2.
856	T33.
857	B873.1.
857	F983.2.
857	H511.
857	H522.1.1.
857	H573.3.
859	K1917.
859	K1917.1.
859	K1917.2.
859	K1917.4.
859	K1917.7.
860	H1377.1.
860	H1377.2.
860	H1377.3.
861	D1972.
861	H607.3.
861	K1814.2.
861A	K1837.
861A	T11.2.
862	V316.1.
864	N345.
870	H13.1.
870	H13.2.
870	H15.1.
870	H151.5.
870	H92.
870	K1816.0.2.
870	K1831.
870	K1843.1.
870	K1911.3.
870	R211.
870	R45.
870A	H411.1.
870A	H90.
870A	K1843.1.
870A	T55.
871	C325.
871	C611.
871	D2065.4.
871	D567.
871	F93.0.2.1.
871	G11.3.
871	N681.1.
871	T11.2.
871*	H1376.5.
871*	K538.
871A	K2213.2.
871A	T232.
872	K2112.
872	K2212.2.
872	L162.
872	R143.
873	H1381.2.2.1.1.
873	H80.
873	L162.
873	N731.
873	T645.
874*	R121.5.
875	H1010.
875	H1021.1.
875	H1021.6.1.
875	H1022.1.
875	H1023.1.
875	H1023.1.1.
875	H1023.7.
875	H1023.9.
875	H1024.1.
875	H1024.1.1.
875	H1050–H1065.
875	H1152.1.
875	H1185.
875	H373.
875	H561.1.
875	H561.1.2.
875	H583.7.
875	H583.8.
875	H583.9.
875	H601.
875	H630–H659.
875	H712.
875	H951.
875	J1111.4.
875	J1191.1.
875	J1191.2.
875	J1545.4.
875	L162.
875*	J1545.4.1.
875A	H582.1.1.
875B	H1010.
875B	H1021.
875B	H1021.2.
875B	H1021.9.
875B	H1023.25.1.
875B	H1024.1.
875B	H1024.1.1.1.
875B	H951.
875B	J1533.
875B	J1536.2.
875B	J2121.
875B	J2122.
875B*	J1185.1.
875D	D1318.2.1.
875D	H561.1.1.1.
875D	H586.
875D	H586.1–H0586.7.
875D*	J1185.
875D*	K1836.
875D*	K2111.
875E	J1191.
877	D1880.
879	H702.
879	H705.3.
879	K1837.
879	K525.1.
879*	K1310.
879*	K1812.
879*	N699.6.
879A	H1194.0.1.
87A*	B855.
880	K1837.
880	R152.1.
881	H21.
881	K1837.
881	K2112.
881	R195.
881	T320.1.
881A	H21.
881A	K1322.
881A	K1837.
881A	K521.4.1.1.
881A	T320.1.
882	H94.
882	K1342.
882	K1837.
882	K2112.1.
882	N15.
882A*	K1218.1.2.
883A	K1837.
883A	K2110.1.
883A	K2112.
883A	K2250.1.
883A	K512.2.
883A	L162.
883A	S322.1.3.
883A	T320.
883A	T320.1.
883B	D1610.3.
883B	D1610.8.
883B	K525.1.
883B	L63.
883C	N271.2.
883C	S322.1.
884	D2003.
884	H1578.1.
884	H21.
884	J491.
884	K1816.0.2.
884	K1837.
884	N681.1.
884	T102.
884	T165.4.
884	T84.
885	K1371.1.
885A	K522.0.1.
886	J491.
886	K1275.
887	H461.
887A*	T52.
888	H431.1.
888	J1545.4.
888	K1837.
888	R152.1.
888	R61.
888	T320.1.
888A	H80.
888A	J1545.6.
888A	K1837.
888A	M134.
889	J751.1.
889	N25.
890	J1161.2.
890	K1825.2.
890	K1837.
890	K443.2.
890	T52.3.
890**	J1081.1.
891	H1187.
891	K1814.
891	K1837.
891A	K1837.
891A	M372.
891A	R41.2.
891A	T381.
891C*	K2110.
892	K2112.1.
892	Q261.
893	H1558.1.
893	P315.
893	R169.6.
894	G11.9.
894	H13.2.2.
894	K1911.1.4.
894	K2155.1.
894	K2251.1.
894	Z72.2.
896	K1333.
896	K1367.
896	K1625.
896	K1674.
896	Q243.6.
897	B579.5.
897	H1023.19.
897	H1023.2.1.2.
897	H1091.2.
897	H1361.1.
897	H934.2.
898	R131.1.3.
898	S313.
898	T381.
898	T521.
899	M301.12.
899	M341.1.1.
899	T211.1.
899A	N343.
899A	T41.1.
899A	T81.6.
9	K1251.1.
9	K172.1.
9	K471.
90	L391.
900	H181.
900	H311.
900	H461.
900	H465.
900	K1361.
900	K1816.0.3.
900	K1817.1.
900	L113.1.0.1.
900	L431.
900	Q483.
900	T251.2.
900	T45.
900	T62.
900	T72.2.1.
900	T74.0.1.
900	T76.
901	H386.
901	L50.
901	N12.
902*	Q495.
902*	Q495.1.
902*	W111.3.1.
903C*	K1771.
905A*	T251.2.4.
91	K544.
91	K961.1.
910	J163.4.
910	J21.
910A	J154.
910A	J21.10.
910A	J21.22.
910A	J21.24.
910A	J21.26.
910A	J21.27.
910A	J21.28.
910A	J21.4.
910A	J21.46.
910A	J21.47.1.
910A	J21.52.
910A	J21.9.
910B	C320.
910B	D700.
910B	D758.
910B	J1655.2.
910B	J21.2.
910B	J21.3.
910B	J21.5.
910B	J21.6.
910B	J21ff.
910B	J571.
910B	J865.
910B	K2155.
910B	K2213.3.
910B	N765.
910B	Q20.2.
910C	J21.1.
910D	J21.15.
910D	N545.1.
910E	H588.7.
910F	J1021.
910G	J163.1.
910K	K1612.
910K	K978.
910L	J215.1.
910M	J215.2.1.
912	D1353.1.
912	J1714.2.
915	J555.1.
915A	H588.1.
915A	H588.12.
915A	H588.13.
916	B331.3.
916	N342.1.
92	K1715.1.
920	H1023.1.
920	H41.5.
920	H921.
920	J123.
920	J125.2.1.
920	K1816.6.
920	K1921.1.
920	K512.
920	K551.3.
920	P35.
920	S301.
920	T575.1.
920A	H1023.1.1.
920A	J1191.2.
920A	J123.
920A	K1991.1.
920A*	L414.1.
920A*	N383.3.
920B	J412.1.
920C	H486.2.
920C	L13.
920D	L13.
920E	J462.3.1.
920E	J80.
921	H1050–H1065.
921	H583.1.
921	H583.2.
921	H583.2.1.
921	H583.2.2.
921	H583.3.
921	H583.4.
921	H583.4.2.
921	H583.5.
921	H583.6.
921A	H585.1.
921B	H1065.
921C	H771.
921C*	L144.2.
921D	J1474.
921D*	J1252.
921D*	K318.
921E	H1182.
921F	J152.
921F	J1566.1.
922	H500ff.
922	H512.
922	H524.1.
922	H541.1.
922	H561.2.
922	H633.
922	H634.
922	H638.
922	H681.1.
922	H681.3.1.
922	H682.
922	H685.
922	H691.1.
922	H701.1.
922	H702.
922	H703.
922	H705.1.
922	H705.2.
922	H711.1.
922	H713.1.
922	H797.
922	K1961.
922	Q113.4.
922A	K2101.
922A	P111.
922B	J1161.7.
923	H592.1.
923A	H592.1.1.
923B	D1866.
923B	L419.2.
923B	M21.
923B	N145.
924	H607.1.
924	J1804.
925	J1675.2.1.
925*	J1472.
926	J1171.
926A	J1141.1.7.
926C	J1141.1.
926C	J1141.1.4.
926C	J1141ff.
926C	J1154.2.
926C	J1172.1.
926C	J1179.6.
926C*	T143.
926D	J1171.
926D	K451.
926D	K451.1.
926D	K452.
926E	K1549.3.
927	H542.
927	H792.
927	H793.
927	H804.
927	H805.
927	H806.
927	H807.
927	R154.2.1.
927	R81.
927A	J1181.1.
927A*	K193.1.
927B	J1181.
927B	P511
927B	P511.1.
927B	Q427.
927C	J1181.
927C*	K185.1.
927D	K558.
928	J701.1.
928A	J214.
929	J1130.
929	N178.
929	N251.1.
929A	J142.
93	J1031.
930	K1355.
930	K511.
930	K978.
930	M312.
930	M312.1.
930A	D1860.
930A	H51.
930A	M312.1.1.
930A	M359.2.
930A	M370.
930A	M371.
930A	N101.
930A	N211.1.
930A	R131.
930A	R143.
930A	S115.2.
930A	T22.2.
931	M343.
931	M344.
931	M371.2.
931	N323.
931	R131.
931	S354.
931	T412.
931A	Q211.1.
931A	S22.
933	H151.3.
933	Q541.3.
933	Q544.
933	R131.14.
933	S312.1.
933	T415.
934	K1811.0.2.
934	K2371.2.
934	M301.12.
934	M341.1.
934	M341.1.1.
934	M341.1.4.
934	M341.2.
934	M341.2.10.
934	M341.2.2.
934	M341.2.21.
934	M341.2.3.
934	M341.2.4.
934	M341.2.6.
934	M370.
934	M370.1.
934	M372.
934	M372.1.
934	N121.3.
934C	N121.2.
934D	K1811.0.2.
934D	N121.1.1.
934D1	K2371.2.
934D1	N121.3.
934F	J861.1.
934H	A1335.
934H	A1335.1.
934H	A1335.1.1.
934H	A1593.
934H	B291.2.
934H	B291.2.1.
934H	Z111.
934K	D1311.11.1.
935	K1815.
935	K1837.
935	L161.
935*	N171.
936	B31.1.
936*	K521.1.1.
938	J214.
938	N121.
938	N251.
938*	T410.1.
938B	J210.
938B	J214.
938B	N527.
939	C50.
939	C930.
939A	N321.
940	K1218.3.
940*	Q68.2.
944	J711.3.
944*	W25.
945	D435.1.1.
945	F1023.
945	F954.2.1.
945	H343.
945	H621.
945	J461.1.2.
945	N141.
945	Z16.1.
945A*	N183.
945A*	N421.
947	N253.
947A	H1281.
947A	N351.2.
947A	Q34.
950	H58.
950	J1142.4.
950	J1143.
950	K315.1.
950	K332.
950	K407.1.
950	K415.
950	K425.
950	K730.
951A	K1812.2.
951A	K1812.2.1.
952	D2072.
952	K1812.1.
952	K422.
952	N884.1.
953	J1185.
953	K527.
953	Q53.
953	R153.3.3.
954	D1552.2.
954	F721.4.
954	K312.
954	N455.3.
954	N471.
954	N478.
954	N512.
955	H57.2.1.
955	K1916.
955	R135.
956	K912.
956B	K912.
956B	Q411.1.
956D	K551.5.
958	K551.3.
958A*	Q453.1.
958C*	K311.1.
958E*	K437.2.
958F*	H1578.1.4.1.
960	D1715.
960	N271.1.
960A	N271.3.
960B	M348.
960B	Q211.0.1.
960B	Q552.2.1.
960D	S115.2.1.
961	K437.4.
961A	N614.
961B	J1161.4.
965*	H13.2.4.
965*	H13.2.7.
965*	K413.
967	B523.1.
968	K343.0.1.
968	K434.1.
968	K434.3.
968	S121.
968*	K413.
970	E631.0.1.
973	S264.1.
974	N681.
976	H1552.1.
976	J1177.
978	J1512.2.
978	J1521.5.1.
980	J121.
980	J121.1.
980	J121.2.
980*	F721.1.
980*	K843.
980D	D444.2.
981	J151.1.
981A*	F451.5.4.2.
981A*	F833.2.
982	P236.2.
982	Q281.1.
983	J81.
985	P253.3.
985*	H807.
985*	R81.
985**	K1353.
985**	T455.2.
987	K1963.1.
990	K426.
992	Q478.1.
–1641	K1956.
