motif_id	parent
MIFL
A	MIFL
B	MIFL
C	MIFL
D	MIFL
E	MIFL
F	MIFL
G	MIFL
H	MIFL
J	MIFL
K	MIFL
L	MIFL
M	MIFL
N	MIFL
P	MIFL
Q	MIFL
R	MIFL
S	MIFL
T	MIFL
U	MIFL
V	MIFL
W	MIFL
X	MIFL
Z	MIFL
AO-A99	A
A10	AO-A99
A20	AO-A99
A30	AO-A99
A40	AO-A99
A50	AO-A99
A60	AO-A99
A70	AO-A99
A100-A499	A
A100-A199	A100-A499
A100	A100-A199
A110	A100-A199
A120	A100-A199
A140	A100-A199
A150	A100-A199
A160	A100-A199
A170	A100-A199
A180	A100-A199
A190	A100-A199
A200-A299	A100-A499
A200	A200-A299
A210	A200-A299
A220	A200-A299
A240	A200-A299
A250	A200-A299
A260	A200-A299
A270	A200-A299
A280	A200-A299
A300-A399	A100-A499
A300	A300-A399
A310	A300-A399
A400-A499	A100-A499
A400	A400-A499
A410	A400-A499
A420	A400-A499
A430	A400-A499
A440	A400-A499
A450	A400-A499
A460	A400-A499
A490	A400-A499
A500-A599	A
A500	A500-A599
A510	A500-A599
A520	A500-A599
A530	A500-A599
A560	A500-A599
A570	A500-A599
A580	A500-A599
A590	A500-A599
A600-A899	A
A600-A699	A600-A899
A600-A649	A600-A699
A610	A600-A649
A620	A600-A649
A630	A600-A649
A640	A600-A649
A650-A699	A600-A699
A650	A650-A699
A660	A650-A699
A670	A650-A699
A690	A650-A699
A700-A799	A600-A899
A700	A700-A799
A710-A739	A700-A799
A710	A710-A739
A720	A710-A739
A740-A759	A700-A799
A740	A740-A759
A750	A740-A759
A760-A789	A700-A799
A760	A760-A789
A770	A760-A789
A780	A760-A789
A790-A799	A700-A799
A800-A899	A600-A899
A800-A839	A800-A899
A810	A800-A839
A820	A800-A839
A830	A800-A839
A840	A800-A899
A850	A800-A899
A870	A800-A899
A900-A999	A
A900	A900-A999
A910-A949	A900-A999
A910	A910-A949
A920	A910-A949
A930	A910-A949
A940	A910-A949
A950-A999	A900-A999
A950	A950-A999
A960	A950-A999
A970	A950-A999
A980	A950-A999
A990	A950-A999
A1000-A1099	A
A1000	A1000-A1099
A1010	A1000-A1099
A1020	A1000-A1099
A1030	A1000-A1099
A1040	A1000-A1099
A1050	A1000-A1099
A1060	A1000-A1099
A1070	A1000-A1099
A1080	A1000-A1099
A1090	A1000-A1099
A1100-A1199	A
A1110	A1100-A1199
A1120	A1100-A1199
A1130	A1100-A1199
A1150	A1100-A1199
A1160	A1100-A1199
A1170	A1100-A1199
A1180	A1100-A1199
A1200-A1699	A
A1200-A1299	A1200-A1699
A1210	A1200-A1299
A1220	A1200-A1299
A1230	A1200-A1299
A1240	A1200-A1299
A1250	A1200-A1299
A1260	A1200-A1299
A1270	A1200-A1299
A1290	A1200-A1299
A1300-A1399	A1200-A1699
A1310	A1300-A1399
A1320	A1300-A1399
A1330	A1300-A1399
A1350	A1300-A1399
A1360	A1300-A1399
A1370	A1300-A1399
A1390	A1300-A1399
A1400-A1499	A1200-A1699
A1400	A1400-A1499
A1410	A1400-A1499
A1420	A1400-A1499
A1430	A1400-A1499
A1440	A1400-A1499
A1460	A1400-A1499
A1470	A1400-A1499
A1480	A1400-A1499
A1490	A1400-A1499
A1500-A1599	A1200-A1699
A1510	A1500-A1599
A1520	A1500-A1599
A1530	A1500-A1599
A1540	A1500-A1599
A1550	A1500-A1599
A1560	A1500-A1599
A1570	A1500-A1599
A1580	A1500-A1599
A1590	A1500-A1599
A1600-A1699	A1200-A1699
A1610	A1600-A1699
A1620	A1600-A1699
A1630	A1600-A1699
A1640	A1600-A1699
A1650	A1600-A1699
A1660	A1600-A1699
A1670	A1600-A1699
A1680	A1600-A1699
A1700-A2199	A
A1700-A1799	A1700-A2199
A1710	A1700-A1799
A1730	A1700-A1799
A1750	A1700-A1799
A1770	A1700-A1799
A1790	A1700-A1799
A1800-A1899	A1700-A2199
A1810-A1839	A1800-A1899
A1810	A1810-A1839
A1820	A1810-A1839
A1830	A1810-A1839
A1840	A1800-A1899
A1860	A1800-A1899
A1870	A1800-A1899
A1890	A1800-A1899
A1900-A1999	A1700-A2199
A1910	A1900-A1999
A1930	A1900-A1999
A1940	A1900-A1999
A1950	A1900-A1999
A1960	A1900-A1999
A1970	A1900-A1999
A2000-A2099	A1700-A2199
A2010	A2000-A2099
A2020	A2000-A2099
A2030	A2000-A2099
A2040	A2000-A2099
A2050	A2000-A2099
A2060	A2000-A2099
A2070	A2000-A2099
A2100-A2199	A1700-A2199
A2100-A2139	A2100-A2199
A2100	A2100-A2139
A2110	A2100-A2139
A2140	A2100-A2199
A2160-A2199	A2100-A2199
A2160	A2160-A2199
A2170	A2160-A2199
A2200-A2599	A
A2200-A2299	A2200-A2599
A2210	A2200-A2299
A2220	A2200-A2299
A2230	A2200-A2299
A2240	A2200-A2299
A2250	A2200-A2299
A2260	A2200-A2299
A2270	A2200-A2299
A2300-A2399	A2200-A2599
A2310	A2300-A2399
A2320	A2300-A2399
A2330	A2300-A2399
A2350	A2300-A2399
A2370	A2300-A2399
A2380	A2300-A2399
A2400-A2499	A2200-A2599
A2400	A2400-A2499
A2410	A2400-A2499
A2420	A2400-A2499
A2430	A2400-A2499
A2440	A2400-A2499
A2450	A2400-A2499
A2460	A2400-A2499
A2470	A2400-A2499
A2480	A2400-A2499
A2490	A2400-A2499
A2500-A2599	A2200-A2599
A2510	A2500-A2599
A2520	A2500-A2599
A2540	A2500-A2599
A2600-A2699	A
A2600-A2649	A2600-A2699
A2600	A2600-A2649
A2610	A2600-A2649
A2620	A2600-A2649
A2630	A2600-A2649
A2650-A2699	A2600-A2699
A2650	A2650-A2699
A2680	A2650-A2699
A2700-A2799	A
A2700-A2749	A2700-A2799
A2710	A2700-A2749
A2720	A2700-A2749
A2730	A2700-A2749
A2750-A2799	A2700-A2799
A2750	A2750-A2799
A2760	A2750-A2799
A2770	A2750-A2799
A2800-A2899	A
A2800-A2849	A2800-A2899
A2850-A2899	A2800-A2899
B0-B99	B
B10	B0-B99
B20	B0-B99
B30	B0-B99
B40	B0-B99
B50	B0-B99
B60	B0-B99
B70	B0-B99
B80	B0-B99
B90	B0-B99
B100-B199	B
B100-B119	B100-B199
B100	B100-B119
B110	B100-B119
B120-B169	B100-B199
B120	B120-B169
B130	B120-B169
B140	B120-B169
B150	B120-B169
B160	B120-B169
B170-B189	B100-B199
B170	B170-B189
B180	B170-B189
B190	B100-B199
B200-B299	B
B210	B200-B299
B220	B200-B299
B230	B200-B299
B240	B200-B299
B250	B200-B299
B260	B200-B299
B270	B200-B299
B280	B200-B299
B290	B200-B299
B300-B599	B
B300-B349	B300-B599
B310	B300-B349
B320	B300-B349
B330	B300-B349
B340	B300-B349
B350-B399	B300-B599
B360	B350-B399
B370	B350-B399
B380	B350-B399
B390	B350-B399
B400-B499	B300-B599
B400-B449	B400-B499
B400	B400-B449
B430	B400-B449
B450	B400-B499
B470	B400-B499
B480	B400-B499
B490	B400-B499
B500-B599	B300-B599
B500	B500-B599
B510	B500-B599
B520	B500-B599
B530	B500-B599
B540	B500-B599
B550	B500-B599
B560	B500-B599
B570	B500-B599
B580	B500-B599
B590	B500-B599
B600-B699	B
B610	B600-B699
B620	B600-B699
B630	B600-B699
B640	B600-B699
B650	B600-B699
B700-B799	B
B710	B700-B799
B720-B749	B700-B799
B720	B720-B749
B730	B720-B749
B740	B720-B749
B750	B700-B799
B770	B700-B799
B800-B899	B
B870	B800-B899
C0-C99	C
C10	C0-C99
C20	C0-C99
C30	C0-C99
C40	C0-C99
C50	C0-C99
C70	C0-C99
C90	C0-C99
C100-C199	C
C100	C100-C199
C110	C100-C199
C120	C100-C199
C130	C100-C199
C140	C100-C199
C150	C100-C199
C160	C100-C199
C170	C100-C199
C180	C100-C199
C190	C100-C199
C200-C299	C
C200-C249	C200-C299
C200	C200-C249
C210	C200-C249
C220	C200-C249
C230	C200-C249
C240	C200-C249
C250-C279	C200-C299
C250	C250-C279
C260	C250-C279
C270	C250-C279
C280	C200-C299
C300	C
C310	C
C320	C
C330	C
C400-C499	C
C400	C400-C499
C410	C400-C499
C420	C400-C499
C430	C400-C499
C440	C400-C499
C450	C400-C499
C460	C400-C499
C480	C400-C499
C490	C400-C499
C500-C549	C
C500	C500-C549
C510	C500-C549
C520	C500-C549
C530	C500-C549
C550-C599	C
C550	C550-C599
C560	C550-C599
C600-C699	C
C600-C649	C600-C699
C600	C600-C649
C610	C600-C649
C620	C600-C649
C630	C600-C649
C640	C600-C649
C650-C699	C600-C699
C650	C650-C699
C680	C650-C699
C700-C899	C
C700	C700-C899
C710	C700-C899
C720	C700-C899
C730	C700-C899
C740	C700-C899
C750	C700-C899
C770	C700-C899
C780	C700-C899
C810	C700-C899
C820	C700-C899
C830-C899	C700-C899
C830	C830-C899
C900-C999	C
C900	C900-C999
C910	C900-C999
C920	C900-C999
C930	C900-C999
C940	C900-C999
C950	C900-C999
C960	C900-C999
C980	C900-C999
D0-D699	D
D10-D99	D0-D699
D10	D10-D99
D20	D10-D99
D30	D10-D99
D40	D10-D99
D50	D10-D99
D90	D10-D99
D100-D199	D0-D699
D110-D149	D100-D199
D110	D110-D149
D130	D110-D149
D150	D100-D199
D170	D100-D199
D180	D100-D199
D190	D100-D199
D200-D299	D0-D699
D210	D200-D299
D230	D200-D299
D250	D200-D299
D270	D200-D299
D300-D399	D0-D699
D310-D349	D300-D399
D310	D310-D349
D330	D310-D349
D350	D300-D399
D370	D300-D399
D380	D300-D399
D390	D300-D399
D400-D499	D0-D699
D410	D400-D499
D420	D400-D499
D430	D400-D499
D440	D400-D499
D450-D499	D400-D499
D450	D450-D499
D470	D450-D499
D480	D450-D499
D500-D599	D0-D699
D510	D500-D599
D520	D500-D599
D530	D500-D599
D550	D500-D599
D560	D500-D599
D600-D699	D0-D699
D610	D600-D699
D620	D600-D699
D630	D600-D699
D640	D600-D699
D660	D600-D699
D670	D600-D699
D680	D600-D699
D700-D799	D
D710	D700-D799
D720	D700-D799
D730	D700-D799
D750	D700-D799
D760	D700-D799
D790	D700-D799
D800-D1699	D
D800-D899	D800-D1699
D800	D800-D899
D810-D859	D800-D899
D810	D810-D859
D830	D810-D859
D840	D810-D859
D850	D810-D859
D860	D800-D899
D880	D800-D899
D900-D1299	D800-D1699
D900	D900-D1299
D910	D900-D1299
D930	D900-D1299
D940	D900-D1299
D950	D900-D1299
D960	D900-D1299
D980	D900-D1299
D990-D1029	D900-D1299
D990	D990-D1029
D1010	D990-D1029
D1030	D900-D1299
D1040	D900-D1299
D1050	D900-D1299
D1070	D900-D1299
D1080	D900-D1299
D1110	D900-D1299
D1130	D900-D1299
D1150	D900-D1299
D1170	D900-D1299
D1210	D900-D1299
D1240	D900-D1299
D1250	D900-D1299
D1300-D1599	D800-D1699
D1300-D1379	D1300-D1599
D1300	D1300-D1379
D1310	D1300-D1379
D1330	D1300-D1379
D1350	D1300-D1379
D1360	D1300-D1379
D1380	D1300-D1599
D1390	D1300-D1599
D1400-D1599	D1300-D1599
D1400	D1400-D1599
D1410	D1400-D1599
D1420	D1400-D1599
D1430	D1400-D1599
D1440	D1400-D1599
D1450	D1400-D1599
D1470	D1400-D1599
D1500	D1400-D1599
D1520	D1400-D1599
D1540	D1400-D1599
D1550	D1400-D1599
D1560	D1400-D1599
D1600-D1699	D800-D1699
D1600-D1649	D1600-D1699
D1600	D1600-D1649
D1610	D1600-D1649
D1620	D1600-D1649
D1640	D1600-D1649
D1650	D1600-D1699
D1700-D2199	D
D1710-D1799	D1700-D2199
D1710	D1710-D1799
D1720	D1710-D1799
D1740	D1710-D1799
D1750	D1710-D1799
D1760	D1710-D1799
D1800-D2199	D1700-D2199
D1800-D1949	D1800-D2199
D1810	D1800-D1949
D1820	D1800-D1949
D1830	D1800-D1949
D1840	D1800-D1949
D1850	D1800-D1949
D1860	D1800-D1949
D1870	D1800-D1949
D1880	D1800-D1949
D1890	D1800-D1949
D1900	D1800-D1949
D1910	D1800-D1949
D1920	D1800-D1949
D1950-D2049	D1800-D2199
D1960	D1950-D2049
D1980	D1950-D2049
D2000	D1950-D2049
D2020	D1950-D2049
D2030	D1950-D2049
D2050-D2099	D1800-D2199
D2060	D2050-D2099
D2070	D2050-D2099
D2080	D2050-D2099
D2090	D2050-D2099
D2100-D2149	D1800-D2199
D2100	D2100-D2149
D2120	D2100-D2149
D2140	D2100-D2149
D2150-D2199	D1800-D2199
E10	E
E30	E
E50	E
E80	E
E90	E
E100	E
E120	E
E150	E
E200-E599	E
E200-E299	E200-E599
E200	E200-E299
E210	E200-E299
E220	E200-E299
E230	E200-E299
E250	E200-E299
E260	E200-E299
E280	E200-E299
E300-E399	E200-E599
E300	E300-E399
E310	E300-E399
E320	E300-E399
E340	E300-E399
E360	E300-E399
E380	E300-E399
E390	E300-E399
E400-E599	E200-E599
E400	E400-E599
E410	E400-E599
E420	E400-E599
E430	E400-E599
E440	E400-E599
E460	E400-E599
E470	E400-E599
E480	E400-E599
E490	E400-E599
E500	E400-E599
E510	E400-E599
E520	E400-E599
E530	E400-E599
E540	E400-E599
E600-E699	E
E600	E600-E699
E610	E600-E699
E630	E600-E699
E650	E600-E699
E670	E600-E699
E690	E600-E699
E700-E799	E
E700	E700-E799
E710	E700-E799
E720	E700-E799
E730	E700-E799
E740	E700-E799
E750	E700-E799
E760	E700-E799
E770	E700-E799
E780	E700-E799
F10-F79	F
F10	F10-F79
F30	F10-F79
F50	F10-F79
F60	F10-F79
F80-F109	F
F80	F80-F109
F90	F
F100	F
F110-F199	F
F110	F110-F199
F130	F110-F199
F140	F110-F199
F150	F110-F199
F160	F110-F199
F170	F110-F199
F200-F699	F
F200-F399	F200-F699
F200	F200-F399
F210	F200-F699
F220	F200-F699
F230	F200-F699
F240	F200-F699
F250	F200-F699
F260	F200-F699
F300-F399	F200-F699
F300	F300-F399
F310	F300-F399
F320	F300-F399
F330	F300-F399
F340	F300-F399
F350	F300-F399
F360	F300-F399
F370	F300-F399
F380	F300-F399
F390	F300-F399
F400-F5499	F200-F699
F400	F400-F5499
F420	F200-F699
F430	F200-F699
F440	F200-F699
F450	F200-F699
F460	F200-F699
F470	F200-F699
F480	F200-F699
F490	F200-F699
F500-F599	F200-F699
F500	F500-F599
F510	F500-F599
F530	F500-F599
F540	F500-F599
F560	F500-F599
F570	F500-F599
F600-F699	F200-F699
F600	F600-F699
F610	F600-F699
F640	F600-F699
F660	F600-F699
F680	F600-F699
F700-F899	F
F700	F700-F899
F710	F
F720	F
F730	F
F750	F
F760	F
F770	F
F790	F
F800	F
F810	F
F820	F
F830	F
F840	F
F900-F1099	F
F910	F900-F1099
F930	F900-F1099
F940	F900-F1099
F950	F900-F1099
F960	F900-F1099
F970	F900-F1099
F980	F900-F1099
F990	F900-F1099
F1010	F900-F1099
G10-G399	G
G10-G99	G10-G399
G10-G49	G10-G99
G10	G10-G49
G20	G10-G49
G30	G10-G49
G50-G79	G10-G99
G50	G50-G79
G60	G50-G79
G70	G50-G79
G80	G10-G99
G100-G199	G10-G399
G100	G100-G199
G110	G100-G199
G120	G100-G199
G130	G100-G199
G150	G100-G199
G200-G299	G10-G399
G200	G200-G299
G210	G200-G299
G220	G200-G299
G230	G200-G299
G240	G200-G299
G250	G200-G299
G260	G200-G299
G270	G200-G299
G280	G200-G299
G300-G399	G10-G399
G300	G300-G399
G310	G300-G399
G350	G300-G399
G360	G300-G399
G370	G300-G399
G400-G499	G
G400	G400-G499
G410	G400-G499
G420	G400-G499
G440	G400-G499
G450	G400-G499
G500-G599	G
G500	G500-G599
G510	G500-G599
G520	G500-G599
G530	G500-G599
G550	G500-G599
G560	G500-G599
G570	G500-G599
G580	G500-G599
G600-G699	G
G610	G
G630	G
G650	G
H0-H199	H
H10	H
H20	H
H30	H
H50	H
H80-H149	H
H80	H80-H149
H90	H
H100	H
H110	H
H120	H
H150	H
H200-H299	H
H210-H239	H200-H299
H210	H210-H239
H220	H200-H299
H240	H200-H299
H300-H499	H
H300	H300-H499
H310-H359	H
H310	H310-H359
H360-H399	H
H360	H360-H399
H400-H459	H
H400	H400-H459
H410	H
H430	H
H440	H
H460	H
H480	H
H490	H
H500-H899	H
H500	H500-H899
H510	H
H530-H899	H
H540	H
H570	H
H580	H
H600	H
H620	H
H630	H
H660	H
H680	H
H690	H
H700	H
H710	H
H720	H
H770	H
H790	H
H810	H
H840	H
H900-H1199	H
H900-H999	H900-H1199
H900-H949	H900-H999
H900	H900-H949
H910	H900-H949
H920	H900-H949
H940	H900-H949
H950-H999	H900-H999
H960	H950-H999
H970	H950-H999
H1000-H1199	H900-H1199
H1010_H1049	H900-H1199
H1010	H1010_H1049
H1020	H900-H1199
H1030	H900-H1199
H1050-H1089	H900-H1199
H1050	H1050-H1089
H1090	H900-H1199
H1110	H900-H1199
H1130	H900-H1199
H1150	H900-H1199
H1180	H900-H1199
H1200-H1399	H
H1200-H1249	H1200-H1399
H1200	H1200-H1249
H1210	H1200-H1249
H1220	H1200-H1249
H1240	H1200-H1249
H1250-H1399	H1200-H1399
H1250-H1299	H1200-H1399
H1250	H1250-H1299
H1260	H1250-H1299
H1270	H1250-H1299
H1280	H1250-H1299
H1290	H1250-H1299
H1300	H1200-H1399
H1320	H1200-H1399
H1360	H1200-H1399
H1370	H1200-H1399
H1400-H1599	H
H1400-H1449	H
H1400	H1400-H1449
H1410	H1400-H1449
H1420	H1400-H1449
H1430	H1400-H1449
H1440	H1400-H1449
H1450-H1499	H
H1450	H1450-H1499
H1460	H
H1470	H
H1480	H
H1500-H1549	H
H1500	H1500-H1549
H1510	H
H1540	H
H1550-H1569	H
H1550	H1550-H1569
H1570-H1599	H
J10	J
J30	J
J50	J
J80	J
J100	J
J120	J
J130	J
J140	J
J150	J
J180	J
J200-J1099	J
J200-J499	J200-J1099
J200	J200-J499
J210	J200-J499
J230-J299	J200-J499
J230	J230-J299
J240	J230-J299
J260	J230-J299
J280	J230-J299
J300-J329	J200-J499
J310	J300-J329
J320	J300-J329
J330-J399	J200-J499
J340	J330-J399
J350	J330-J399
J370	J330-J399
J390	J330-J399
J400-J459	J200-J499
J400	J400-J459
J410	J400-J459
J420	J400-J459
J440	J400-J459
J450	J400-J459
J460	J200-J499
J480	J200-J499
J500-J599	J200-J1099
J510	J500-J599
J530	J500-J599
J550	J500-J599
J570	J500-J599
J580	J500-J599
J600-J799	J200-J1099
J610-J679	J600-J799
J620	J610-J679
J640	J610-J679
J670	J610-J679
J680	J600-J799
J700-J749	J600-J799
J700	J700-J749
J710	J700-J749
J730	J700-J749
J740	J700-J749
J750-J799	J600-J799
J800-J849	J200-J1099
J810	J800-J849
J830	J800-J849
J850-J899	J200-J1099
J860	J850-J899
J870	J850-J899
J880	J850-J899
J890	J850-J899
J900-J999	J200-J1099
J910	J900-J999
J950	J900-J999
J1000-J1099	J200-J1099
J1010	J1000-J1099
J1020	J1000-J1099
J1030	J1000-J1099
J1040	J1000-J1099
J1050	J1000-J1099
J1060	J1000-J1099
J1100-J1699	J
J1100-J1249	J1100-J1699
J1110	J1100-J1249
J1130-J1199	J1100-J1249
J1130	J1130-J1199
J1140	J1130-J1199
J1150	J1130-J1199
J1160	J1130-J1199
J1170	J1130-J1199
J1180	J1130-J1199
J1190	J1130-J1199
J1210-J1229	J1100-J1249
J1230-J1249	J1100-J1249
J1250-J1499	J1100-J1699
J1250	J1250-J1499
J1260	J1250-J1499
J1270	J1250-J1499
J1280	J1250-J1499
J1290	J1250-J1499
J1300	J1250-J1499
J1310	J1250-J1499
J1320	J1250-J1499
J1330	J1250-J1499
J1340	J1250-J1499
J1350	J1250-J1499
J1370	J1250-J1499
J1380	J1250-J1499
J1390	J1250-J1499
J1400	J1250-J1499
J1410	J1250-J1499
J1420	J1250-J1499
J1430	J1250-J1499
J1440	J1250-J1499
J1500-J1649	J1100-J1699
J1500	J1500-J1649
J1510	J1500-J1649
J1530	J1500-J1649
J1540	J1500-J1649
J1550	J1500-J1649
J1560	J1500-J1649
J1580	J1500-J1649
J1600	J1500-J1649
J1650-J1699	J1100-J1699
J1700-J2749	J
J1700-J1729	J1700-J2749
J1710-J1729	J1700-J1729
J1730-J1749	J1700-J2749
J1750-J1849	J1700-J2749
J1750-J1809	J1750-J1849
J1750	J1750-J1809
J1760	J1750-J1809
J1770	J1750-J1809
J1780	J1750-J1809
J1790	J1750-J1809
J1800	J1750-J1809
J1810	J1750-J1849
J1820	J1750-J1849
J1850-J1999	J1700-J2749
J1850-J1899	J1850-J1999
J1850	J1850-J1899
J1860	J1850-J1899
J1870	J1850-J1899
J1880	J1850-J1899
J1900	J1850-J1999
J1910	J1850-J1999
J1920	J1850-J1999
J1930	J1850-J1999
J1960	J1850-J1999
J2000-J2050	J1700-J2749
J2010	J2000-J2050
J2020	J2000-J2050
J2030	J2000-J2050
J2040	J2000-J2050
J2050-J2199	J1700-J2749
J2050	J2050-J2199
J2060	J2050-J2199
J2070	J2050-J2199
J2080	J2050-J2199
J2100	J2050-J2199
J2120	J2050-J2199
J2130	J2050-J2199
J2160	J2050-J2199
J2200-J2259	J1700-J2749
J2200	J2200-J2259
J2210	J2200-J2259
J2220	J2200-J2259
J2260-J2299	J1700-J2749
J2260	J2260-J2299
J2270	J2260-J2299
J2280	J2260-J2299
J2300-J2349	J1700-J2749
J2310	J2300-J2349
J2350-J2369	J1700-J2749
J2370-J2399	J1700-J2749
J2400-J2449	J1700-J2749
J2410	J2400-J2449
J2420	J2400-J2449
J2450-J2499	J1700-J2749
J2450	J2450-J2499
J2460	J2450-J2499
J2470	J2450-J2499
J2490	J2450-J2499
J2500-J2549	J1700-J2749
J2550-J2599	J1700-J2749
J2600-J2649	J1700-J2749
J2650-J2699	J1700-J2749
J2700-J2749	J1700-J2749
J2750-J2799	J
K10	K
K30	K
K40	K
K50	K
K60	K
K70	K
K80	K
K90	K
K100-K299	K
K100	K100-K299
K110-K149	K100-K299
K110	K110-K149
K120	K110-K149
K130	K110-K149
K140	K110-K149
K150	K100-K299
K170	K100-K299
K200-K249	K100-K299
K200	K200-K249
K210	K200-K249
K220	K200-K249
K230	K200-K249
K250	K100-K299
K300-K499	K
K300	K300-K499
K310-K439	K300-K499
K310	K310-K439
K330	K310-K439
K360	K310-K439
K400	K310-K439
K420	K310-K439
K440-K499	K300-K499
K500-K699	K
K500	K500-K699
K510	K500-K699
K520	K500-K699
K540	K500-K699
K550	K500-K699
K580	K500-K699
K600	K500-K699
K620	K500-K699
K630	K500-K699
K640	K500-K699
K650	K500-K699
K700-K799	K
K700	K700-K799
K710	K700-K799
K730	K700-K799
K750	K700-K799
K770	K700-K799
K800-K999	K
K800	K800-K999
K810	K800-K999
K840	K800-K999
K850	K800-K999
K870	K800-K999
K890	K800-K999
K910	K800-K999
K930	K800-K999
K940	K800-K999
K950	K800-K999
K960	K800-K999
K1000-K1199	K
K1000	K1000-K1199
K1010	K1000-K1199
K1020	K1000-K1199
K1040	K1000-K1199
K1080	K1000-K1199
K1110	K1000-K1199
K1200-K1299	K
K1200	K1200-K1299
K1210	K1200-K1299
K1240	K1200-K1299
K1300-K1399	K
K1300	K1300-K1399
K1310	K1300-K1399
K1330	K1300-K1399
K1340	K1300-K1399
K1350	K1300-K1399
K1380	K1300-K1399
K1400-K1499	K
K1400	K1400-K1499
K1410	K1400-K1499
K1440	K1400-K1499
K1460	K1400-K1499
K1500-K1599	K
K1500	K1500-K1599
K1510	K1500-K1599
K1550	K1500-K1599
K1570	K1500-K1599
K1580	K1500-K1599
K1600-K1699	K
K1600	K1600-K1699
K1610	K1600-K1699
K1700-K2099	K
K1700-K1799	K1700-K2099
K1700	K1700-K1799
K1710	K1700-K1799
K1760	K1700-K1799
K1800-K1899	K1700-K2099
K1800	K1800-K1899
K1810	K1800-K1899
K1840	K1800-K1899
K1860	K1800-K1899
K1870	K1800-K1899
K1900-K1999	K1700-K2099
K1900	K1900-K1999
K1910	K1900-K1999
K1920	K1900-K1999
K1930	K1900-K1999
K1950	K1900-K1999
K1970	K1900-K1999
K1980	K1900-K1999
K2000-K2099	K1700-K2099
K2000	K2000-K2099
K2010	K2000-K2099
K2030	K2000-K2099
K2050	K2000-K2099
K2060	K2000-K2099
K2100-K2199	K
K2100	K2100-K2199
K2110	K2100-K2199
K2130	K2100-K2199
K2150	K2100-K2199
K2200-K2299	K
K2200	K2200-K2299
K2210	K2200-K2299
K2220	K2200-K2299
K2230	K2200-K2299
K2240	K2200-K2299
K2250	K2200-K2299
K2260	K2200-K2299
K2270	K2200-K2299
K2280	K2200-K2299
K2290	K2200-K2299
K2300-K2399	K
K2300	K2300-K2399
K2310	K2300-K2399
K2320	K2300-K2399
K2350	K2300-K2399
K2370	K2300-K2399
L0-L99	L
L0	L0-L99
L10	L0-L99
L50	L0-L99
L100-L199	L
L100	L100-L199
L110	L100-L199
L130	L100-L199
L140	L100-L199
L160	L100-L199
L200-L299	L
L200	L200-L299
L210	L200-L299
L220	L200-L299
L250	L200-L299
L300-L399	L
L300	L300-L399
L310	L300-L399
L330	L300-L399
L350	L300-L399
L390	L300-L399
L400-L499	L
L400	L400-L499
L410	L400-L499
L420	L400-L499
L430	L400-L499
L450	L400-L499
L460	L400-L499
M10	M
M20	M
M50	M
M90	M
M100-M199	M
M100	M100-M199
M110	M100-M199
M120	M100-M199
M130	M100-M199
M150	M100-M199
M200-M299	M
M200	M200-M299
M210	M200-M299
M220	M200-M299
M250	M200-M299
M260	M200-M299
M290	M200-M299
M300-M399	M
M300	M300-M399
M310	M300-M399
M340	M300-M399
M360	M300-M399
M370	M300-M399
M390	M300-M399
M400-M499	M
M400	M400-M499
M410	M400-M499
M420	M400-M499
M430	M400-M499
M460	M400-M499
M490	M400-M499
N10	N
N50	N
N90	N
N100-N299	N
N100-N169	N100-N299
N100	N100-N169
N110	N100-N169
N120	N100-N169
N130	N100-N169
N140	N100-N169
N170	N100-N299
N200	N100-N299
N250	N100-N299
N270	N100-N299
N300-N399	N
N300	N300-N399
N310	N300-N399
N320	N300-N399
N330	N300-N399
N340	N300-N399
N350	N300-N399
N360	N300-N399
N380	N300-N399
N400-N699	N
N410 N439	N400-N699
N440-N499	N400-N699
N440	N440-N499
N450	N440-N499
N500-N599	N400-N699
N500	N500-N599
N510	N500-N599
N530	N500-N599
N550	N500-N599
N570	N500-N599
N590	N500-N599
N600-N699	N400-N699
N610	N600-N699
N620	N600-N699
N630	N600-N699
N640	N600-N699
N650	N600-N699
N680	N600-N699
N700-N799	N
N700	N700-N799
N710	N700-N799
N730	N700-N799
N760	N700-N799
N770	N700-N799
N800-N899	N
N800	N800-N899
N810	N800-N899
N820	N800-N899
P10	P
P20	P
P30	P
P40	P
P50	P
P60	P
P90	P
P100-P199	P
P110	P100-P199
P120	P100-P199
P150	P100-P199
P160	P100-P199
P170	P100-P199
P190	P100-P199
P200-P299	P
P200	P200-P299
P210	P200-P299
P230	P200-P299
P250	P200-P299
P260	P200-P299
P270	P200-P299
P280	P200-P299
P290	P200-P299
P300-P399	P
P310	P300-P399
P320	P300-P399
P340	P300-P399
P360	P300-P399
P400-P499	P
P400	P400-P499
P410	P400-P499
P420	P400-P499
P430	P400-P499
P440	P400-P499
P460	P400-P499
P500-P599	P
P500	P500-P599
P510	P500-P599
P550	P500-P599
P600-P699	P
P600	P600-P699
P700-P799	P
P710	P700-P799
Q0	Q
Q10-Q99	Q
Q10	Q10-Q99
Q20	Q10-Q99
Q40	Q10-Q99
Q60	Q10-Q99
Q80	Q10-Q99
Q100-Q199	Q
Q100	Q100-Q199
Q110	Q100-Q199
Q140	Q100-Q199
Q150	Q100-Q199
Q170	Q100-Q199
Q190	Q100-Q199
Q200-Q399	Q
Q200	Q200-Q399
Q210	Q200-Q399
Q220	Q200-Q399
Q240	Q200-Q399
Q260	Q200-Q399
Q270	Q200-Q399
Q280	Q200-Q399
Q300	Q200-Q399
Q320	Q200-Q399
Q330	Q200-Q399
Q340	Q200-Q399
Q380	Q200-Q399
Q400-Q599	Q
Q400	Q400-Q599
Q410	Q400-Q599
Q430	Q400-Q599
Q450	Q400-Q599
Q470	Q400-Q599
Q500	Q400-Q599
Q520	Q400-Q599
Q550	Q400-Q599
Q560	Q400-Q599
Q570	Q400-Q599
Q580	Q400-Q599
Q590	Q400-Q599
R10	R
R40	R
R50	R
R70	R
R100-R199	R
R100	R100-R199
R110	R100-R199
R130	R100-R199
R150	R100-R199
R170	R100-R199
R200-R299	R
R200	R200-R299
R210	R200-R299
R220	R200-R299
R260	R200-R299
R300-R399	R
R300	R300-R399
R310	R300-R399
R350	R300-R399
S0	S
S10	S
S20	S
S30	S
S40	S
S50	S
S60	S
S70	S
S100-S199	S
S100	S100-S199
S110	S100-S199
S140	S100-S199
S160	S100-S199
S180	S100-S199
S200-S299	S
S200	S200-S299
S210	S200-S299
S220	S200-S299
S240	S200-S299
S250	S200-S299
S260	S200-S299
S300-S399	S
S300	S300-S399
S310	S300-S399
S330	S300-S399
S350	S300-S399
S400-S499	S
S400	S400-S499
S410	S400-S499
S430	S400-S499
S450	S400-S499
S460	S400-S499
T10	T
T30	T
T50	T
T70	T
T80	T
T90	T
T100-T199	T
T100	T100-T199
T110	T100-T199
T130	T100-T199
T150	T100-T199
T160	T100-T199
T200-T299	T
T200	T200-T299
T210	T200-T299
T230	T200-T299
T250	T200-T299
T280	T200-T299
T300-T399	T
T300	T300-T399
T310	T300-T399
T320	T300-T399
T330	T300-T399
T350	T300-T399
T360	T300-T399
T400-T499	T
T400	T400-T499
T410	T400-T499
T450	T400-T499
T460	T400-T499
T470	T400-T499
T500-T599	T
T500	T500-T599
T510	T500-T599
T540	T500-T599
T550	T500-T599
T570	T500-T599
T580	T500-T599
T590	T500-T599
T600-T699	T
T600	T600-T699
T610	T600-T699
T640	T600-T699
T670	T600-T699
T680	T600-T699
U0-U99	U
U0	U0-U99
U10	U0-U99
U30	U0-U99
U60	U0-U99
U100-U299	U
U110	U100-U299
U120	U100-U299
U130	U100-U299
U140	U100-U299
U150	U100-U299
U160	U100-U299
U170	U100-U299
U180	U100-U299
U210	U100-U299
U220	U100-U299
U230	U100-U299
U240	U100-U299
U250	U100-U299
U260	U100-U299
U270	U100-U299
V0	V
V10	V
V20	V
V30	V
V40	V
V50	V
V60	V
V70	V
V80	V
V100-V199	V
V100	V100-V199
V110	V100-V199
V120	V100-V199
V130	V100-V199
V140	V100-V199
V150	V100-V199
V200-V299	V
V200	V200-V299
V210	V200-V299
V220	V200-V299
V230	V200-V299
V250	V200-V299
V290	V200-V299
V300-V399	V
V300	V300-V399
V310	V300-V399
V320	V300-V399
V330	V300-V399
V340	V300-V399
V350	V300-V399
V360	V300-V399
V380	V300-V399
W10	W
W20	W
W100-W199	W
W100	W100-W199
W110	W100-W199
W150	W100-W199
W200-W299	W
W200	W200-W299
X0-X99	X
X0	X0-X99
X100-X199	X
X100	X100-X199
X110	X100-X199
X120	X100-X199
X130	X100-X199
X200-X599	X
X200-X299	X200-X599
X200	X200-X299
X210	X200-X299
X220	X200-X299
X230	X200-X299
X240	X200-X299
X250	X200-X299
X300-X499	X200-X599
X300	X300-X499
X310	X300-X499
X330	X300-X499
X350	X300-X499
X370	X300-X499
X410	X300-X499
X460	X300-X499
X500-X599	X200-X599
X500	X500-X599
X510	X500-X599
X520	X500-X599
X530	X500-X599
X540	X500-X599
X550	X500-X599
X600-X699	X
X600	X600-X699
X610	X600-X699
X650	X600-X699
X680	X600-X699
X700-X799	X
X700	X700-X799
X750	X700-X799
X760	X700-X799
X800-X899	X
X800	X800-X899
X900-X1899	X
X910-X1099	X900-X1899
X910-X959	X910-X1099
X910	X910-X959
X920	X910-X959
X930	X910-X959
X940	X910-X959
X960-X1019	X910-X1099
X960	X960-X1019
X980	X960-X1019
X1010	X960-X1019
X1020-X1079	X910-X1099
X1020	X1020-X1079
X1030	X1020-X1079
X1060	X1020-X1079
X1070	X1020-X1079
X1080-X1099	X910-X1099
X1100-X1199	X900-X1899
X1100	X1100-X1199
X1110	X1100-X1199
X1120	X1100-X1199
X1130	X1100-X1199
X1150	X1100-X1199
X1200-X1399	X900-X1899
X1200	X1200-X1399
X1210	X1200-X1399
X1250	X1200-X1399
X1280	X1200-X1399
X1300	X1200-X1399
X1320	X1200-X1399
X1340	X1200-X1399
X1370	X1200-X1399
X1400-X1499	X900-X1899
X1400	X1400-X1499
X1410	X1400-X1499
X1420	X1400-X1499
X1450	X1400-X1499
X1470	X1400-X1499
X1480	X1400-X1499
X1490	X1400-X1499
X1500-X1599	X900-X1899
X1500	X1500-X1599
X1510	X1500-X1599
X1520	X1500-X1599
X1530	X1500-X1599
X1540	X1500-X1599
X1550	X1500-X1599
X1560	X1500-X1599
X1600-X1699	X900-X1899
X1600	X1600-X1699
X1610	X1600-X1699
X1620	X1600-X1699
X1630	X1600-X1699
X1640	X1600-X1699
X1650	X1600-X1699
X1660	X1600-X1699
X1700-X1799	X900-X1899
X1700	X1700-X1799
X1710	X1700-X1799
X1720	X1700-X1799
X1740	X1700-X1799
X1750	X1700-X1799
X1760	X1700-X1799
X1780	X1700-X1799
X1790	X1700-X1799
X1800-X1899	X900-X1899
X1800	X1800-X1899
X1810	X1800-X1899
X1850	X1800-X1899
Z10	Z
Z20-Z59	Z
Z20	Z20-Z59
Z30	Z20-Z59
Z40	Z20-Z59
Z50	Z20-Z59
Z60	Z
Z100-Z199	Z
Z100	Z100-Z199
Z110	Z100-Z199
Z140	Z100-Z199
Z150	Z100-Z199
Z200-Z299	Z
Z200	Z200-Z299
Z210	Z200-Z299
Z230	Z200-Z299
Z300-Z399	Z
Z300	Z300-Z399
Z310	Z300-Z399
Z320	Z300-Z399
Z350	Z300-Z399
