parent	child
A0.	A610.
A0.	A631.
A0.	A810.1.
A0.	A830.
A0.	A923.
A0.	A1187.
A1.1.	A220.
A2.2.	A1270.
A5.	A73.
A7.	A32.
A12.1.	A111.3.0.1.
A12.1.	F547.2.1.
A13.1.1.	A1245.4.
A13.1.1.	B19.2.
A15.3.1.	A1.
A18.	A137.
A18.2.	A131.6.
A18.2.	F545.2.2.
A18.5.	A137.1.
A27.	A114.2.
A32.	A7.
A32.1.	A32.2.
A32.3.	A32.3.1.
A33.1.1.	A63.
A33.2.	A132.6.2.
A33.2.	B450.
A33.3.1.	B481.3.
A33.3.1.	K2375.
A33.4.1.	A36.
A33.4.1.	B11.
A33.4.1.	B13.
A33.4.1.	B32.
A43.	A812.1.
A43.	A810.1.
A43.	A835.
A43.	G303.
A50.	A106.
A50.	A162.
A50.	A525.
A50.	A716.
A50.	A810.
A50.	A1750.
A50.	G11.0.1.1.
A50.	G303.
A50.1.	A63.
A50.1.	G303.1.4.
A52.0.1.	V230.
A52.0.8.	G303.1.4.2.
A60.	A1217.1.
A63.1.	A1335.10.
A63.4.	A33.1.1.
A63.4.	A33.3.1.
A63.4.	A106.2.
A63.4.	A1750.
A63.4.1.	A2032.
A63.4.1.	A2033.
A63.7.1.	A63.
A73.	A5.
A76.	A192.
A100.	A499.
A100.	A199.
A100.	A0.
A100.	A2434.2.2.
A100.	D42.
A100.	D42.1.
A100.	D1380.3.
A100.	D1981.1.
A100.	E155.2.
A100.	F63.
A100.	F251.1.
A100.	V30.1.
A101.1.	A610.
A102.1.	D1810.0.1.
A103.	A1216.
A103.	A1271.3.
A106.	A50.
A106.	F531.7.1.
A106.1.	A525.
A106.1.	A1750.
A106.1.	A1081.
A106.2.1.1.	A300.
A107.	A162.1.0.1.
A107.	A1611.5.4.3.
A107.	A1659.1.
A107.	F200.
A107.	F531.
A107.	S262.
A107.	Z100.1.
A108.1.	A310.
A108.1.	A487.
A108.1.	E481.1.1.1.
A108.1.	F129.7.
A108.1.	V11.6.
A110.	F413.
A110.	T541.4.
A111.1.	A116.
A111.1.	A485.1.
A111.3.1.	A31.
A112.	T541.4.
A112.1.	T410.
A112.5.	T541.12.
A112.7.	A161.5.
A112.7.1.	A112.7.2.
A112.8.	A164.2.
A112.8.	F252.4.1.
A112.8.	T481.
A113.	A131.
A113.	A132.
A113.	B2.
A114.1.	A1261.1.
A114.1.	T547.1.
A114.1.1.	A1211.2.
A114.1.1.	A1262.
A115.1.	A605.
A116.	A515.1.1.
A116.	T685.
A116.2.	A485.1.
A120.	D1981.1.
A120.	E251.4.4.
A120.2.	F234.0.2.
A120.2.	F237.
A120.2.	K1811.
A121.	A760.
A123.	E652.
A123.1.1.	F524.1.
A123.2.	A282.0.1.1.
A123.3.1.	F512.2.2.
A123.4.1.1.	D992.
A123.4.1.1.	F511.0.2.2.
A123.5.1.	F516.2.
A124.	A220.
A124.	D1162.
A124.	D1645.
A124.	F541.1.
A124.	F574.
A125.	D42.
A125.1.	A485.1.
A125.1.	F234.2.1.
A125.1.1.	A485.1.
A125.1.1.	F233.3.
A125.1.1.	F234.2.5.
A125.3.	F544.3.1.
A128.	E33.
A128.	S160.
A128.2.	A1075.
A128.2.	D1273.0.4.
A128.2.	D2061.2.1.
A128.2.	D2071.
A128.2.	F512.1.
A128.2.	F531.1.1.1.
A128.2.	F541.
A128.2.	G121.1.
A128.2.	G213.1.
A128.2.1.	A955.5.
A128.2.1.	D2071.
A128.3.	F516.1.
A128.3.	F517.
A128.3.1.	F517.1.1.
A128.3.1.	S162.
A128.4.	A172.
A128.4.	A282.1.
A128.4.	C563.2.
A128.4.	D996.
A128.4.	F515.
A128.4.	F526.
A128.4.	F552.
A128.4.	P16.2.
A128.4.	S161.
A131.	A113.
A131.	B2.
A131.	F526.1.
A131.3.1.	B29.4.1.
A131.3.2.	F511.2.2.1.
A131.3.2.	F514.3.
A131.3.3.	A132.
A132.	A113.
A132.	A522.
A132.	D113.1.2.
A132.	D133.4.1.
A132.	D142.2.
A132.	D197.1.
A132.	E611.2.1.
A132.	F234.1.
A132.1.	B176.
A132.1.	F234.1.7.
A132.3.1.	B181.
A132.3.1.	C756.4.
A132.3.1.	F234.1.8.
A132.3.1.	Q541.4.
A131.6.	F234.1.4.
A132.6.1.	D150.
A132.6.1.	E732.
A132.6.1.	F234.1.15.
A132.6.1.	V1.3.10.
A132.9.	D133.2.
A132.9.	D133.4.1.
A132.9.	D1812.3.3.6.
A132.9.	E611.2.1.
A132.9.	F234.1.14.
A133.	A128.
A133.2.	F531.3.5.
A134.	E651.
A134.	F535.
A136.1.	A155.
A136.1.	B557.
A136.1.2.1.	A171.1.
A136.1.2.1.	B15.6.3.
A136.1.5.	B45.
A136.2.	B558.
A136.3.	A724.
A136.3.	F861.2.1.
A137.3.1.	F531.6.15.6.
A137.5.	D1171.
A137.7.	A132.
A137.7.	B182.
A137.9.	A137.10.
A138.	C431.
A138.	C432.
A139.3.	B11.
A139.4.	E251.
A139.5.2.	A1142.1.
A140.	A181.
A141.	A1402.
A141.1.	D1620.
A141.4.	A831.1.
A142.	A451.
A142.	A167.
A142.	A451.1.
A142.	F451.3.4.2.
A142.	F531.6.9.
A142.	K1816.12.
A142.	L113.6.
A142.	P447.
A143.	P456.
A144.	A454.
A144.	A454.1.
A144.	F274.
A144.	P424.
A145.	F610.
A147.	A165.
A151.	A102.5.
A151.	A661.1.
A151.	F130.
A151.	F210.
A151.1.	A665.3.
A151.1.	F132.
A151.1.	F750.
A151.1.1.	F211.
A151.1.1.	F721.2.
A151.2.	F162.1.
A151.7.1.	F441.2.1.
A151.7.1.1.	F441.2.1.
A151.7.1.1.	E90.
A153.	C241.
A153.	D1030.
A153.	F243.
A153.1.	A1415.
A153.2.	D1346.3.
A153.2.1.	T615.
A153.3.1.	A153.1.
A153.4.	A191.
A153.4.	A474.1.
A153.8.	G11.
A154.	D1346.1.2.
A154.1.	A191.1.
A154.1.	D1338.1.
A154.1.	D1880.
A154.1.	F167.9.
A154.1.	F172.
A154.1.	F251.5.
A154.1.	F259.1.
A154.2.	M234.1.
A155.2.	A171.
A155.3.	A165.1.1.
A157.1.	A284.
A157.1.	A284.2.
A157.1.	A285.
A157.1.	A992.2.
A157.1.	Q552.1.
A157.1.1.	A284.
A157.1.1.	A284.2.
A159.1.	C916.2.
A160.	D45.2.
A161.	A101.
A161.	A107.
A161.5.	A112.7.
A162.	A1750.
A162.	F277.
A162.1.	A107.
A162.1.	A255.
A162.1.	E155.1.1.
A162.1.	Q433.2.
A162.1.0.1.	A165.7.
A162.1.0.1.	E155.1.
A162.3.	A157.
A162.3.	A189.1.
A162.3.	G303.3.1.18.
A162.3.	G303.6.2.12.
A162.3.	G303.6.3.1.1.
A162.3.	K1177.
A162.3.	Q45.2.1.
A162.3.	Q552.1.
A162.3.	Q552.1.0.2.
A162.5.	A179.5.
A162.8.	A106.2.
A163.	H1589.1.
A163.1.	A164.3.1.
A164.1.	A511.3.2.
A164.1.	T410.
A164.1.1.	T412.
A164.2.	K1563.
A164.3.	T145.
A164.3.1.	A163.1.
A164.4.	T148.
A164.5.	T146.
A164.6.	F531.
A165.	A141.
A165.	A155.
A165.1.1.	B122.2.
A165.1.1.	C92.1.
A165.1.1.	E501.4.4.
A165.2.0.1.	D630.
A165.2.1.1.1.	B575.1.
A165.2.2.	A132.6.2.
A165.2.2.	B450.
A165.2.2.	F234.1.15.
A165.3.2.	A142.
A165.3.2.	D2151.
A165.6.	A465.3.1.
A165.7.	E155.1.
A171.	A136.6.
A171.	F32.
A171.	K1811.
A171.0.1.	A421.
A171.0.1.	B71.
A171.0.1.	B181.4.
A171.0.1.	D1114.
A171.0.1.	D1533.1.2.
A171.0.3.	F32.
A171.0.3.	K1811.
A171.0.3.1.	F152.1.1.
A171.1.	A136.1.2.1.
A171.1.	B41.2.
A171.1.1.	A136.2.
A172.	A185.
A172.	A185.1.
A172.	A536.
A172.	D2163.2.
A172.	F349.2.
A172.	F394.2.
A172.	K1845.
A172.	N817.0.1.
A173.	A128.4.
A173.	P16.2.
A173.1.	A431.1.
A175.	A530.
A176.	A1500.
A177.1.	F365.
A177.1.	A521.
A177.1.	K232.2.1.
A178.	M301.
A179.1.	D1136.1.
A179.1.	F531.6.6.
A179.2.	F737.
A179.9.	A844.7.
A179.9.	B61.
A180.	B641.3.
A180.	C191.
A180.	C312.1.1.
A180.	C313.1.1.
A180.	D42.
A180.	D42.1.
A180.	D1814.3.
A180.	D1983.1.
A180.	D2161.5.3.
A180.	E121.1.
A180.	E605.2.
A180.	E605.3.
A180.	F32.
A180.	K1811.
A180.	M226.
A180.	M414.1.
A180.	N817.
A180.	P535.2.1.
A180.	Q1.
A180.	Q221.
A180.	Q255.
A180.	S260.
A180.	T91.8.
A180.	T111.1.
A180.	T611.1.1.
A180.	V227.
A181.	F346.2.
A181.	K1816.0.1.
A181.	L113.1.
A181.	Q482.
A181.	V233.1.
A181.1.	A537.
A181.1.	A901.
A181.1.	F271.5.
A181.1.	F614.9.
A182.3.	V227.
A182.3.	V235.
A182.3.0.1.	D1610.2.2.
A182.3.0.3.1.	Q172.8.1.
A182.3.6.	A1421.1.
A185.1.	A172.
A185.1.	A528.
A185.1.	A536.
A185.1.	F349.2.
A185.1.	N800.
A185.2.2.	D2072.
A185.5.	T150.
A185.9.	M200.
A185.11.	Q20.
A185.12.	A1217.
A185.12.	E700.
A185.12.1.	E0.
A185.12.2.	E700.
A187.2.	D832.
A187.2.	F451.5.23.
A188.	T91.8.
A188.1.	D658.1.
A188.1.	K1301.
A188.1.	K1315.1.
A188.2.	A188.
A189.1.1.	A162.3.
A189.1.1.	G303.10.
A189.1.1.	G303.25.7.
A189.2.	E361.
A189.2.	E381.
A189.8.	N121.
A189.10.	F37.
A189.10.	K1811.
A189.13.	A183.1.
A189.13.	A151.1.1.
A191.1.	A153.4.
A191.1.	A474.1.
A191.1.	D1881.
A191.1.	A154.1.
A191.1.	A564.
A191.1.	D1345.
A191.1.	D1857.
A191.1.	F172.
A191.1.	F251.5.
A191.1.	F531.6.4.
A191.1.	F571.
A191.1.	V229.2.12.
A192.1.	F259.1.
A192.1.1.	A525.2.
A192.2.	A560.
A196.2.	M10.
A197.	D2140.
A199.3.	D1820.
A200.	A101.
A210.1.	A101.
A210.1.	A220.
A210.1.	F499.1.
A220.	A450.1.
A220.	A720.
A220.1.	A270.1.
A225.	A116.
A250.	A116.
A250.	A121.
A255.	D2144.2.
A260.	A162.2.
A280.	A210.
A280.	D900.
A280.	D2140.
A280.	F430.
A281.	A282.
A282.	F432.
A282.0.1.1.	A123.
A282.1.	F526.1.
A284.	A791.1.
A284.2.	B31.
A284.3.	F434.
A285.1.	D1080.
A285.1.	F832.1.1.
A285.1.	V1.8.
A287.	B11.7.
A287.	D2143.1.
A282.	L351.
A287.2.	D2140.
A300.	F80.
A300.1.	A310.
A307.	A651.
A310.	A108.1.
A310.	A487.
A310.	E481.
A310.	E481.9.
A310.	F81.
A310.1.	A485.1.
A400.0.1.	A1611.10.
A400.0.1.	A1659.1.
A400.0.1.	F251.1.
A400.0.1.	F251.1.2.
A400.0.1.	V1.16.1.
A400.1.	A111.
A401.	A431.
A401.	A111.
A401.	A625.
A401.	A1234.1.
A411.	B593.
A411.	F480.
A412.	D1380.0.1.
A415.	M119.2.
A417.	A871.
A417.	A1127.
A417.	A1182.
A417.1.	Z71.2.1.
A420.	A1110.
A420.	F420.
A421.	A121.0.1.
A421.	A171.0.1.
A421.	F531.6.15.6.
A421.	V11.2.
A421.	Z118.1.
A423.	B53.
A425.	D1432.
A425.1.	F424.
A425.1.	N815.0.2.1.
A427.1.	V134.
A430.	F440.
A430.1.	A111.
A431.1.	A111.
A431.1.	A427.1.
A431.1.	A475.1.
A431.	A1440.
A431.	V1.7.
A432.0.2.	A1441.2.
A432.1.	A432.0.
A433.2.	D1432.1.
A435.	F440.
A435.	F441.2.
A435.	V1.1.
A435.	V114.
A440.	A131.
A440.	A132.
A441.1.2.	F241.5.
A451.	A141.
A451.1.	A142.
A452.1.	A440.
A454.	A220.
A454.	D1240.
A454.	D2161.
A454.	F344.
A454.	P424.
A460.	Z110.
A461.1.	A111.
A461.1.	A454.1.
A461.1.	A465.1.1.
A463.	A178.
A463.	M300.
A463.0.1.	D195.
A463.1.	F315.
A463.1.	F317.
A463.1.	F343.11.
A463.1.	F347.
A463.1.	F362.
A463.1.	F363.
A463.1.	G201.
A463.1.	N110.
A465.	A450.1.
A465.1.	A527.4.
A465.1.	A1464.1.
A465.1.	Z117.
A465.2.1.	A112.1.1.1.
A465.3.1.	A541.1.
A465.3.1.	A1469.2.
A465.3.1.	D1266.1.1.
A471.	A178.
A471.	M300.
A471.1.	A461.
A473.0.1.	A489.
A473.1.	A111.
A473.1.	N111.
A474.1.1.	A153.4.
A474.1.1.	A191.
A474.2.	A191.1.
A475.	T56.2.
A475.1.	A111.
A475.1.	A431.1.
A475.1.1.1.	A123.3.
A475.1.1.1.	G253.
A476.	T300.
A477.	T500.
A477.	T584.
A478.1.	F493.
A481.	A482.
A481.	N111.
A485.1.	A125.1.
A485.1.	A172.
A485.1.	F418.
A485.1.	Z129.2.
A487.	A107.
A487.	A108.1.
A487.	A310.
A487.	A1335.11.
A487.	D651.1.3.
A487.	F160.0.2.
A487.	Z111.
A487.0.1.	M341.1.
A493.	A413.
A493.	A413.1.
A493.	V1.8.
A493.	A220.
A493.	D1271.
A497.	D2065.6.
A500.	C566.
A500.	Z200.
A510.2.	E600.
A511.	T510.
A511.	T540.
A511.1.1.	T584.1.
A511.1.1.	A511.1.1.1.
A511.1.2.	T575.
A511.1.2.1.	A515.1.1.
A511.1.2.1.	A525.
A511.1.2.1.	T575.1.3.
A511.1.3.	A1411.2.
A511.1.3.	E600.
A511.1.3.1.	A188.
A511.1.3.1.	Z255.
A511.1.3.2.	A164.1.
A511.1.3.2.	T415.
A511.1.5.	L100.
A511.1.6.	A516.
A511.1.7.	E600.
A511.1.8.	B630.
A511.1.8.1.	B635.3.1.
A511.1.8.1.	D114.1.
A511.2.1.1.	L111.2.1.
A511.2.1.1.	T572.2.3.
A511.2.1.1.	T612.
A511.2.1.1.	Z210.1.
A511.2.2.	B535.
A511.2.2.	T611.
A511.3.2.	F311.1.
A511.3.2.	F311.3.
A511.3.2.	F340.
A511.3.2.	F345.
A511.4.1.	T615.
A512.	A511.1.8.
A512.1.	A31.
A512.2.	A0.
A512.4.	A220.
A512.4.	A225.
A513.1.	A1611.10.
A513.2.	A563.
A515.1.1.	A511.1.2.1.
A515.1.1.	A116.
A515.1.1.1.	T587.1.
A515.1.1.2.	A525.
A515.1.2.	P311.
A515.3.	P312.
A515.5.	N731.2.
A516.	L111.1.
A516.	S140.
A516.	S300.
A516.	S350.2.
A521.	A177.1.
A521.	J1700.
A522.	A132.
A522.	D100.
A522.1.1.1.	B421.
A522.2.	A132.6.1.
A522.2.	B122.
A522.2.	B450.
A522.2.2.	D151.5.
A522.3.	A522.3.1.
A523.	A133.
A523.1.	D1081.
A524.1.1.	B187.
A524.1.2.	A132.3.
A524.2.	D1080.
A525.	A50.
A525.	A71.
A525.	A106.
A525.	A107.
A525.	A511.1.2.1.
A525.	A1750.
A525.2.	A192.1.
A525.2.	E765.4.3.
A525.2.	M311.1.
A525.2.	M343.2.
A526.1.	F254.4.
A526.	F679.5.
A526.3.	D1355.13.
A526.4.	D991.
A526.4.	F555.5.1.
A526.5.	F541.3.3.
A526.5.	F551.
A526.6.	D50.
A526.6.	F873.0.1.
A526.6.	F969.3.2.
A526.6.	F1041.2.
A526.6.	F1041.16.
A526.7.	F610.
A526.7.	F684.
A526.7.	F697.1.
A526.7.	F698.
A526.7.	H1563.
A526.8.	F517.1.5.
A526.8.	F531.1.3.2.
A526.8.	F531.1.6.8.
A526.8.	G303.4.5.6.
A527.1.	A511.4.
A527.1.	T615.
A527.2.	D1009.2.
A527.2.	D1810.3.
A527.2.	D1811.1.1.
A527.3.	D1711.
A527.3.	M364.7.2.
A527.3.1.	D630.
A527.3.1.1.	K1815.
A527.4.	A465.1.
A527.4.	A465.2.
A528.	N810.
A530.	A175.
A530.	A1175.
A531.1.	A162.1.
A531.1.	A1071.
A531.1.	A1111.
A531.1.	A1125.
A531.1.	B11.
A531.1.	Q433.2.
A531.1.1.	V229.5.
A531.2.	A531.
A531.2.	A2434.2.2.
A531.2.	D2176.1.
A531.2.	V229.3.
A532.	A1122.
A532.	D2142.
A535.	F913.
A536.	A172.
A536.	A185.1.
A536.	A581.2.
A536.	F343.10.
A536.	F349.2.
A536.	F394.2.
A536.	N810.
A537.	A901.
A537.	F271.5.
A537.	F614.9.
A538.	A179.
A538.	A1435.2.
A538.	D1136.1.
A538.	F531.6.6.
A538.	P427.6.3.
A538.	P447.2.
A541.	A432.0.1.
A541.	A450.
A541.	A1400.
A541.1.	A465.3.1.1.
A541.2.	A432.
A545.	A1313.3.
A545.	A1500.
A545.	P600.
A546.	A1500.
A547.	P320.
A560.	A513.2.
A560.	A692.
A560.	F0.
A560.	F111.
A560.	F134.
A561.	A692.
A564.	A191.1.
A564.	A570.
A565.	A978.
A565.	F323.
A565.	F399.1.
A566.1.	A511.3.
A570.	A564.
A571.	A580.
A571.	D1960.
A571.	F721.2.
A571.1.	A151.1.1.
A571.1.	F211.
A571.1.	F759.2.
A571.2.	A692.
A571.2.	E481.4.1.
A575.	D1720.
A575.	F12.
A575.	L220.
A575.	Q338.1.
A580.	A571.
A580.	A571.
A580.	B19.3.
A580.	D1960.2.
A581.	E300.
A581.	F116.1.
A581.	F379.1.
A581.1.	F393.
A581.2.	A172.
A581.2.	A536.
A581.2.	F349.2.
A581.2.	A581.3.
A581.2.	E367.4.
A581.2.	V220.
A591.	T281.
A600.	A0.
A605.	A115.
A605.	A620.
A605.	A810.
A610.	A0.
A610.	A101.1.
A610.	A830.
A610.	A901.
A610.2.	A661.
A610.2.	A671.
A611.	D1765.
A611.	M0.
A611.1.	P427.
A612.	A612.1.
A614.	A1211.
A614.1.	A831.
A615.	A645.
A615.1.	A1216.
A617.1.	A810.
A618.2.	A636.
A620.	A605.
A620.1.	A645.
A620.1.	A1220.
A621.1.	A642.
A622.	F702.
A625.	A401.
A625.2.	A727.
A625.2.1.	F51.
A630.	A651.
A630.	A1101.
A630.	A1220.1.
A633.	A855.
A641.1.	A655.
A641.1.	A701.1.
A641.1.	A1222.
A642.	A621.1.
A645.	A615.
A645.	A715.
A651.	A630.
A651.	E755.1.1.
A651.1.	F10.
A651.1.2.	A651.1.6.
A651.1.4.	D1273.1.3.
A651.1.6.1.	A651.1.2.1.
A651.1.6.1.	D1273.1.3.1.
A651.2.	E755.2.9.
A651.2.	F80.
A651.2.0.1.	A307.
A652.	A878.
A652.	A714.2.
A652.	A878.
A652.	D950.
A652.	E90.
A652.	F162.3.1.
A652.1.	A665.4.
A652.1.	F54.
A655.	A641.
A655.	A701.1.
A657.2.	F152.
A659.1.	D1615.9.
A660.	A1131.3.
A660.	F10.
A660.	F56.
A660.	H1260.
A661.	A211.
A661.	E481.4.
A661.	E754.
A661.	E755.1.
A661.	F11.
A661.	Q172.
A661.	Q565.
A661.	V511.1.
A661.0.1.	F59.1.
A661.0.1.	F91.
A661.0.1.	F156.
A661.0.1.1.1.	A671.2.4.
A661.0.1.1.1.	E755.1.2.
A661.0.1.1.2.	A671.3.3.
A661.0.1.2.	K2371.1.
A661.0.1.2.	V220.
A661.0.2.1.	A661.0.3.
A661.0.2.1.	B251.3.
A661.0.2.1.	F774.3.
A661.0.4.	V515.1.1.
A661.0.4.	Z71.1.2.
A661.0.5.	F152.
A661.0.5.1.	H1573.4.1.
A661.0.6.	A1171.1.
A661.0.6.	F165.3.5.
A661.0.7.	F162.0.1.2.
A661.0.9.	F169.5.
A661.0.10.	V511.4.
A661.1.	A151.
A661.1.	E155.1.
A661.1.2.	F761.
A661.1.2.	V511.1.
A663.	F160.1.
A663.	F756.2.
A665.	A702.3.
A665.1.	J2273.1.
A665.2.	A841.
A665.2.	F58.
A665.2.1.	A841.
A665.2.1.1.	A842.
A665.3.	A151.1.
A665.3.	F132.
A665.4.	A652.1.
A667.	A1482.1.
A670.	F80.
A670.	H1270.
A671.	A310.
A671.	B11.3.6.
A671.	D191.1.
A671.	D1738.
A671.	E480.
A671.	E481.1.
A671.	E755.
A671.	F81.
A671.	Q560.
A671.	Q565.
A671.	V511.2.
A671.	V520.
A671.0.1.	E481.6.1.
A671.0.1.	E755.2.5.
A671.0.1.	G633.
A671.0.3.	A671.5.
A671.0.3.	F156.
A671.0.3.	F158.
A671.0.3.	F211.1.
A671.0.3.	V511.2.2.
A671.0.4.	F160.0.2.
A671.0.4.	F165.6.1.
A671.0.4.	F251.7.
A671.0.4.	F360.
A671.1.	E755.2.3.
A671.2.	E755.2.
A671.2.	Q560.
A671.2.1.1.	Q566.1.
A671.2.2.3.	F142.
A671.2.2.4.	D1293.4.
A671.2.2.4.	E481.2.
A671.2.2.5.	F162.2.1.
A671.2.2.6.	A671.2.
A671.2.2.6.	F162.2.
A671.2.4.1.	E750.
A671.2.4.1.	Q566.
A671.2.4.1.	V511.2.1.
A671.2.4.2.	D911.
A671.2.4.3.	Q566.9.
A671.2.4.4.	Q566.10.
A671.2.4.5.	E750.2.2.
A671.2.4.5.	F151.1.2.
A671.2.4.5.	F756.4.
A671.2.4.6.	Q566.2.
A671.2.4.7.	Q566.1.
A671.2.4.7.	Q566.
A671.2.4.10.	Q566.3.
A671.2.4.11.	F169.1.
A671.2.4.11.	Q566.4.
A671.2.4.13.	D1273.1.2.
A671.2.4.13.	F162.2.1.
A671.2.8.	B776.5.1.
A671.2.10.	B42.
A671.3.	D2144.
A671.3.	E481.7.
A671.3.	E755.2.5.
A671.3.	Q567.
A671.3.2.	F750.
A671.3.2.	Q562.
A671.4.	A671.5.
A671.4.	A671.6.
A672.	E481.2.
A672.	F162.2.1.
A672.1.	F90.
A672.1.1.	E431.11.
A672.1.1.	E489.3.
A673.	B15.7.1.
A673.	B187.
A673.	B325.1.
A673.	B576.1.
A673.	E481.2.1.
A673.	E572.5.
A673.	F150.2.
A673.	F152.0.1.
A673.	H1271.
A673.1.	B187.
A677.2.	P443.
A682.	A1232.
A689.1.	Q568.1.
A689.3.	A679.4.
A689.3.1.	A679.4.
A690.	F110.
A692.	A561.
A692.	D936.
A692.	D981.1.1.
A692.	E480.
A692.	E481.2.
A692.	F111.
A692.	F112.
A692.	F116.
A692.	F129.7.
A692.	F134.
A692.	F213.
A692.	F730.
A693.	D1856.1.1.
A693.	Q0.
A693.	V511.3.
A693.	V520.
A694.	F11.
A694.	F111.
A695.	F110.
A695.	F160.0.3.
A695.	F756.2.
A695.	A750.
A697.2.1.	D2011.
A700.	D1546.
A700.	F961.
A700.1.	A714.
A700.1.	A741.
A700.1.	A763.
A701.1.	A641.
A701.1.	A655.
A701.1.	A812.2.
A702.	F51.
A702.	F55.
A702.	F56.
A702.	F791.
A702.3.	A774.
A702.8.	A625.2.
A705.2.	A702.9.
A710.	F961.1.
A711.2.	A736.4.1.
A711.2.	G11.
A714.1.	A700.1.
A714.2.	D1576.1.
A714.8.	A740.
A715.1.	A645.
A715.2.	T524.
A715.4.	A401.
A719.2.	A1000.
A720.1.	A220.
A720.1.	D1546.1.
A720.1.	F17.
A721.	A754.
A721.	A1411.1.
A721.1.	A758.
A721.1.	A1411.
A721.1.	A1415.
A722.	J2272.3.
A722.1.	A724.
A724.	A722.1.
A724.	A136.2.1.
A724.1.	B41.2.
A724.1.	F1021.2.1.
A724.1.	L421.
A724.2.	A721.
A725.1.	D1546.2.
A725.1.	V222.
A727.	A625.2.
A728.1.	H1023.23.
A732.1.	H721.
A733.4.	A728.
A736.1.1.	A751.7.1.
A736.1.1.	H58.
A736.1.1.	R321.1.
A736.1.1.	T415.
A736.1.2.	T415.
A736.1.3.	A736.1.1.
A736.1.3.	A753.
A736.1.4.1.	A711.2.
A736.1.4.2.	A736.1.2.
A736.3.1.	A515.1.1.
A736.5.2.	T521.
A737.	A1046.
A737.4.	E225.
A740.	A711.1.
A740.	A713.
A740.	A714.1.
A740.	A714.8.
A741.	A700.1.
A741.	A714.2.
A745.3.	A736.3.
A747.	D200.
A750.	A695.
A750.	F16.
A751.1.1.	C631.
A751.1.1.	C950.
A751.1.1.	E501.3.6.
A751.1.3.	V10.
A751.3.1.	Q551.1.
A751.5.1.	A2216.3.
A736.1.	A763.3.
A753.1.	A736.3.
A753.1.	T111.1.
A753.1.4.	A753.
A754.	A755.
A758.	A721.1.
A758.	A1411.
A758.	A1415.
A760.	A121.
A760.	E741.1.
A760.	F961.2.
A761.	F15.
A761.	R321.
A762.	A788.2.
A762.	A788.3.
A763.	A700.1.
A764.	J2271.2.2.
A766.	A779.
A766.	R321.
A767.	A659.1.
A771.	D1576.1.
A773.1.	T92.
A773.2.	S410.
A773.5.	A652.
A774.	A702.3.
A778.1.1.	E501.
A778.2.1.	E481.2.1.
A778.2.1.	E700.
A778.2.1.	F152.1.1.
A780.	A759.7.
A788.2.	A762.
A791.	N516.
A791.3.	F152.1.1.
A800.	A899.
A800.	A401.
A800.	A625.
A801.	A605.
A810.1.	A50.
A811.	A812.
A811.1.	A962.
A812.1.	A43.
A812.2.	A701.1.
A813.	A812.
A815.	A844.1.
A815.1.	A842.1.
A815.1.	A876.
A830.	A0.
A830.	A610.
A831.2.	A614.1.
A835.	A43.
A841.	A665.2.1.
A841.	A665.2.1.
A841.	F58.
A841.	F736.1.
A841.	F736.2.
A841.2.	A842.
A842.	A665.2.1.1.
A842.	F623.
A844.	A1145.
A844.1.	A815.
A844.4.	A44.5.
A844.6.	A1145.1.
A844.12.	A844.6.
A844.12.	A815.1.
A844.12.	A876.
A849.2.	B15.1.6.1.
A850.	A625.2.
A855.	A633.
A871.	A417.
A871.	A651.1.6.
A871.	A1127.
A871.	A1182.
A871.	D1273.1.2.
A872.	A671.2.2.5.
A872.	D1273.1.2.
A872.	F162.2.1.
A875.1.	A1181.
A875.1.	H681.3.
A875.2.	A871.1.
A876.	A815.1.
A876.	A842.1.
A876.	A1082.3.
A876.	B91.
A876.	B873.1.
A876.	H1149.2.
A876.1.	A1145.2.
A876.1.	B91.
A878.	A652.
A878.	C621.1.
A878.	D950.
A878.	E90.
A878.	F162.3.1.
A878.1.	F162.2.1.
A878.4.	D1472.
A900.	A72.
A900.	D683.1.
A901.	A920.1.
A901.	A920.1.
A901.	A941.
A901.	A941.
A901.	A982.
A901.	A984.
A901.	A2271.5.
A901.	F960.1.
A901.	F979.11.
A902.	A0.
A910.4.	A1010.
A910.5.	A116.
A911.	A920.1.
A911.	A941.
A911.	A1012.
A913.1.	A920.1.
A913.1.	A936.
A913.1.	D911.1.
A913.1.	F931.4.
A913.4.	D1171.14.
A920.1.	D2151.1.1.
A920.1.	F930.
A920.1.	D1486.1.
A920.1.	F934.2.
A920.1.1.	D1652.5.
A920.1.2.	A901.
A920.1.2.	X958.
A920.1.3.	A939.1.
A920.1.3.	F934.
A920.1.3.	Q212.
A920.1.3.	Q552.19.
A920.1.4.	A901.
A920.1.4.	A936.
A920.1.4.	F960.1.
A920.1.5.	A911.
A920.1.5.1.	D921.2.
A920.1.6.	A933.
A920.1.6.	F212.
A920.1.7.1.	F277.0.1.
A920.1.8.	F944.
A920.1.8.	Q220.
A920.1.8.1.	C900.
A920.1.8.1.	F933.6.
A920.1.8.1.	F934.2.
A920.1.9.	A951.
A920.1.11.	D283.
A920.1.12.	D1505.5.
A920.1.12.	F934.2.
A920.1.13.	D921.3.1.
A923.	A610.
A923.1.	A933.
A928.	F531.3.18.1.
A928.	H1142.2.
A930.	D915.
A930.	D1486.1.
A930.	D1549.3.
A930.	D2151.
A930.	D2151.2.
A930.	F932.
A931.	A901.
A934.1.	A920.1.2.
A934.3.	A920.1.4.
A934.5.	D1713.
A934.5.	D1766.1.
A934.6.	F962.
A934.7.	A920.1.3.
A934.7.	A920.1.8.1.
A934.7.	F932.
A934.9.	F715.3.2.
A941.	D927.1.
A941.	D2151.
A941.	F933.
A941.1.	A901.
A941.1.1.	A920.1.6.
A941.1.1.	A933.
A941.1.2.	A1012.3.
A941.1.2.	B181.
A941.1.2.	F241.1.
A941.2.	A911.
A941.3.	D927.1.
A941.3.	D1567.6.
A941.3.1.	A941.5.1.
A941.3.1.	D1084.
A941.4.	A913.
A941.4.	A920.1.4.
A941.4.2.	A172.
A941.4.2.	A536.
A941.4.2.	N815.
A941.4.2.	N817.0.1.
A941.5.	D1567.
A941.5.	D1713.
A941.5.	F933.1.
A941.5.0.2.	V211.1.
A941.5.1.	A941.3.1.
A941.5.1.	D927.
A941.5.1.	D1567.6.
A941.5.2.	F718.2.
A941.5.3.	D2161.1.1.
A941.5.3.	F933.5.
A941.5.3.	F934.2.
A941.5.3.	F955.
A941.5.4.	B548.
A941.6.	A1010.
A941.6.	A1011.1.
A941.7.2.	A652.
A942.1.	A901.
A951.	A901.
A955.1.	A901.
A955.2.	D1092.
A955.4.	A951.
A955.5.	A128.2.1.
A955.6.	A963.5.
A955.12.	F737.
A960.	D932.1.
A960.	D1593.1.
A960.	D2152.
A961.2.	A811.1.
A962.3.	A901.
A962.7.	F626.1.
A963.2.	A971.
A963.5.	A955.6.
A963.5.	F531.6.6.
A963.6.	A142.
A964.2.	A1185.
A967.1.	B182.
A967.1.	B301.6.
A968.1.	A975.
A968.2.	T80.
A968.2.	T211.3.
A969.1.	F531.
A969.1.	G100.
A970.	A1599.
A970.	D231.
A970.	D931.
A970.	D2153.
A970.	F531.3.2.
A970.	F636.
A970.	F800.
A971.	A963.2.
A972.	A901.
A972.1.1.	V211.2.
A972.5.2.	F1071.
A972.5.3.	A524.1.
A972.5.3.	A526.2.
A972.5.5.	A988.
A972.6.	F531.6.6.
A974.1.	D231.
A974.1.	D661.
A974.1.	P427.
A974.1.	Q551.5.
A974.1.	V229.6.
A974.2.	F531.6.13.
A975.	A968.1.
A975.1.1.	F802.
A975.1.1.	J1889.
A975.1.1.	J2212.7.
A977.1.	A963.1.
A977.2.2.	A963.4.
A977.3.1.	A963.1.
A977.5.1.	A974.
A977.5.1.	Q552.16.1.2.
A977.5.2.	D176.
A977.5.2.	Q552.16.1.1.
A977.5.3.	F547.
A977.5.4.	B187.0.1.
A978.	A1432.
A978.1.	E630.
A984.	A901.
A989.2.	B182.
A989.2.	B72.1.
A989.4.	P554.
A994.	F1099.2.1.
A1000.	M357.
A1002.	A1075.
A1002.	B259.8.
A1002.	M341.2.20.
A1002.	Q155.1.
A1002.1.	V70.3.1.
A1002.2.	A1075.
A1002.2.	M363.0.1.
A1002.2.	Z71.16.14.3.
A1002.2.2.	M307.3.
A1002.2.3.	M307.
A1002.2.4.	M307.5.
A1005.	A1045.
A1005.1.	A1006.5.
A1006.	A719.2.
A1006.1.	A1045.
A1006.1.	A1245.1.
A1006.1.	A1254.1.
A1006.2.	T410.
A1006.3.	A1241.
A1006.5.	A1021.0.1.
A1010.	A925.
A1010.	A2211.7.
A1010.	A2231.9.
A1010.	A2291.
A1010.	Q150.
A1011.	B91.6.
A1011.1.	A941.6.
A1012.1.	A1131.1.
A1012.1.	D1567.2.
A1012.2.	A933.
A1015.	A1018.
A1017.2.	D1766.1.
A1017.3.	D1792.
A1018.	Q200.
A1018.	Q595.5.
A1018.2.	Q242.
A1018.2.	T410.
A1019.4.	A1030.
A1021.	C12.5.1.
A1021.	Z356.
A1021.0.1.	A1006.5.
A1021.1.	A1853.2.
A1021.1.	A2145.2.
A1021.1.	A2214.3.
A1021.1.	A2232.4.
A1021.1.	B754.4.
A1021.1.	F681.8.
A1021.1.	F989.6.
A1021.1.	H1154.9.
A1021.2.	A2221.7.
A1021.2.	A2234.1.1.
A1021.2.	B291.1.
A1021.2.	B450.
A1023.	R311.
A1005.1.	A1006.5.
A1027.	B551.
A1028.2.	A1029.
A1029.1.	F811.2.1.
A1031.	C984.6.
A1031.2.	F962.2.
A1031.2.	Q552.13.
A1038.	A1006.1.
A1038.	A1045.
A1039.1.	A1021.2.
A1045.	A1006.
A1045.	A1038.
A1052.2.	M307.
A1053.1.	A1002.
A1053.1.	M307.
A1057.	M307.
A1060.	A1002.
A1061.1.	M307.
A1063.1.	M307.
A1063.2.	M307.
A1067.	M307.
A1070.	A1145.1.
A1070.	R210.
A1070.1.	M307.
A1071.	F864.1.
A1071.	Q433.2.
A1071.	Q434.
A1072.4.	B11.
A1074.4.	Q501.4.
A1074.5.	Q501.2.
A1074.8.	A1071.2.
A1075.	M363.0.1.
A1075.1.	A1002.2.
A1080.	N307.
A1082.2.	A1070.
A1082.3.	A876.
A1084.	M324.
A1085.	A192.
A1097.	M307.
A1100.	A530.
A1100.	A1300.
A1101.	A630.
A1101.1.	A1346.2.
A1101.1.	M324.
A1101.1.1.	P12.5.
A1101.1.1.	Q153.
A1101.1.1.	Q552.3.
A1111.	A263.3.
A1111.	A531.
A1111.	A1421.
A1111.	A420.
A1111.	B11.7.1.
A1111.	D2151.2.3.1.
A1111.	F914.1.
A1111.	G346.3.
A1113.	A1020.
A1115.1.	K420.
A1115.2.	C916.
A1115.2.	D1263.
A1115.2.	D1601.21.1.
A1115.2.	D1651.
A1116.1.	A421.
A1120.	C322.1.
A1120.	D906.
A1120.	D1543.
A1120.	D2142.
A1122.	A532.
A1122.	F757.2.
A1125.	B31.
A1127.1.	A417.
A1127.1.	A651.1.6.
A1127.1.	A871.
A1127.1.	A1182.
A1130.2.	A1127.1.
A1130.2.	D900.
A1130.2.	D1540.
A1130.2.	D2140.
A1130.2.	A651.1.
A1131.0.1.	A1131.0.2.
A1131.1.	A1012.
A1131.5.	A287.
A1135.2.1.	G283.
A1135.2.1.	G303.11.4.2.
A1141.1.	J2271.2.1.
A1142.	A284.
A1142.	F434.
A1142.2.	B11.
A1142.3.	A761.
A1142.6.	A1142.6.1.
A1142.6.	A1142.7.
A1142.6.	A1142.8.
A1142.6.	A1142.9.
A1142.6.	A1142.9.1.
A1145.1.	A843.
A1145.1.	A1070.
A1145.2.	A876.1.
A1145.2.	B16.8.1.
A1150.	D2145.
A1152.	C100.1.
A1152.	F529.7.
A1160.	A1161.
A1170.	A1411.
A1170.	B755.
A1170.	D2146.
A1170.	J2272.1.
A1171.1.	A0.
A1171.2.	A661.0.6.
A1171.2.	D1162.
A1172.2.	J2327.
A1174.1.	C322.1.
A1174.3.	J2272.1.
A1174.3.	A721.0.1.
A1174.3.	A721.1.
A1181.	A875.
A1181.	H681.3.
A1182.	A417.
A1182.	A651.1.6.
A1182.	A871.
A1182.	A1127.
A1186.	A969.1.
A1186.	F750.
A1196.	A1699.
A1210.	A1614.
A1210.	A0.
A1210.	A141.1.
A1210.	G312.5.
A1211.	A614.
A1211.3.	A114.1.
A1211.3.	A1262.
A1211.3.1.	M201.3.
A1215.	A1216.
A1215.	A1271.3.
A1215.	A1275.4.
A1216.1.	A615.1.
A1216.1.	A401.
A1217.	A63.
A1217.	A185.12.
A1217.	A1335.2.
A1220.	A620.1.
A1221.6.	B600.
A1221.6.	A1222.
A1221.6.	A641.
A1221.6.	A1261.2.
A1224.	A511.10.
A1224.	B2.
A1226.	A630.
A1226.	A1401.
A1231.	F30.
A1232.	A1631.
A1232.	A682.
A1234.1.	A401.
A1234.1.1.	A1270.
A1236.	A1251.
A1241.	A401.
A1241.	A1006.3.
A1241.3.	A1241.
A1241.3.	A1252.1.
A1241.5.	A1291.
A1245.1.	A1254.1.
A1245.1.	A1006.
A1245.2.	A1241.
A1245.2.	A1252.1.
A1245.4.	A14.
A1251.	A1275.6.
A1252.1.	A1241.
A1252.1.	A1245.
A1252.1.	D435.1.1.
A1245.1.	A1006.
A1245.1.	A1255.
A1260.1.3.	A614.
A1260.1.3.	A1241.5.
A1260.1.3.	D1273.1.2.
A1260.1.3.	V211.4.1.
A1261.1.	A114.
A1261.1.	T547.1.
A1261.2.	A1222.
A1262.	A114.1.
A1262.	A1211.2.
A1263.	A1211.
A1263.1.1.	T541.1.1.
A1263.1.1.	T541.1.1.1.
A1265.	B11.
A1271.2.	D350.
A1271.2.	D430.
A1271.3.	A1216.
A1273.1.	T410.
A1275.2.	A1225.1.
A1275.3.	D658.3.
A1276.	J1545.4.
A1281.1.	A1310.1.
A1281.1.	F558.
A1281.3.	A1383.1.
A1281.3.	F568.1.
A1281.3.	H812.
A1281.6.	Z252.
A1281.6.1.	A651.1.6.
A1293.	A63.
A1301.	A530.
A1301.	A541.
A1301.	M0.
A1301.	A523.
A1301.	F232.6.
A1310.1.	A1281.1.
A1311.1.	A2375.2.6.
A1313.3.	A1351.
A1313.3.	A2229.8.
A1313.3.	F529.2.
A1313.3.1.	F547.1.
A1321.	B592.
A1331.	A2236.2.
A1331.	A2612.
A1331.	C600.
A1331.	G303.3.3.15.1.
A1331.	C937.
A1331.	M400.
A1331.	Q541.1.1.
A1331.1.	B176.1.
A1331.1.	C621.
A1333.	A1616.
A1333.	C771.1.
A1333.	C966.
A1335.	C937.1.
A1335.	F1041.1.3.2.2.
A1335.	K1581.
A1335.1.	A2276.
A1335.1.	K511.
A1335.1.	K1851.
A1335.2.	A63.
A1335.2.	A1217.
A1335.2.	J2400.
A1335.3.	L211.
A1335.11.	A63.1.
A1336.	F839.3.
A1337.0.4.	D1003.
A1337.0.6.	L482.5.
A1337.0.7.	C114.
A1346.	A1331.1.
A1346.1.	A1415.
A1346.2.	L482.
A1350.	A1556.
A1351.	A1313.3.
A1351.	T500.
A1352.	A1550.
A1352.	A2236.
A1352.	A2496.
A1355.1.	Q243.
A1355.2.	A1331.1.
A1355.2.	V250.
A1355.3.	F569.2.
A1371.2.	A2733.
A1371.3.	D336.
A1371.3.	D364.
A1371.3.	D526.
A1371.3.	E601.1.
A1372.8.	A2231.1.
A1372.9.	A1557.
A1375.	W151.
A1375.	W152.
A1375.	W181.
A1383.	C312.1.
A1383.1.	A1282.
A1391.	J461.1.
A1394.	A1241.3.
A1400.	A541.
A1401.	A630.
A1401.	A1220.1.
A1402.	A140.
A1411.	A721.1.
A1411.	A758.
A1411.	A1151.
A1411.1.	A721.
A1411.1.	A754.
A1411.2.	A511.3.
A1411.2.	D646.2.
A1411.2.	D861.10.
A1411.2.	E607.2.
A1411.2.	F392.
A1411.2.	T511.
A1412.2.	E741.1.3.
A1414.	A1414.1.
A1415.	A153.1.
A1415.	A1031.
A1415.	A1346.1.
A1415.	A2229.4.
A1415.	H1264.
A1415.	Q501.4.
A1415.1.	S352.1.
A1415.2.	A2436.
A1415.2.	B500.
A1415.2.	A1415.2.1.
A1415.3.	D831.
A1415.3.	K300.
A1415.4.	A1416.
A1415.4.	A531.
A1420.	A2813.
A1420.	A2814.
A1420.1.	A2611.
A1420.4.	A1346.2.
A1421.	A1111.
A1422.	A1681.2.
A1423.2.	A2685.
A1427.	A1456.
A1427.1.	A1456.
A1429.3.	A1111.
A1429.3.2.	A941.
A1430.	A2823.
A1430.	A2824.
A1430.	A2825.
A1432.	A978.
A1438.	A454.
A1438.	D1342.
A1438.	D1500.
A1438.	D2161.
A1438.	F950.
A1439.4.	D1171.2.
A1440.	A141.
A1440.	A450.1.
A1440.	A541.
A1440.3.	A1323.
A1441.	A432.0.1.
A1441.	A541.2.
A1442.	A1446.5.3.
A1443.	A1421.1.
A1443.	A1422.
A1445.	A1435.
A1445.2.	A143.
A1445.2.	P456.
A1447.1.	A142.
A1447.1.	A1465.3.2.
A1447.3.	P447.
A1453.1.	A2091.1.
A1456.	A1427.2.
A1459.1.4.	F832.1.1.
A1459.1.5.	A1535.6.
A1459.3.	D1710.
A1460.1.	A465.
A1461.2.1.	A465.2.0.1.
A1461.2.1.	F262.3.1.
A1461.2.1.	P427.10.
A1464.1.	A465.1.
A1464.1.	P427.7.
A1464.2.	D1275.3.
A1464.3.	D1273.
A1464.3.	D1275.
A1464.3.	M400.1.
A1465.3.3.	A142.
A1465.3.3.	A1447.
A1466.	V115.
A1468.1.	Z21.1.
A1470.	A1500.
A1481.	A1421.
A1481.	A461.
A1482.	A1333.
A1482.	A1616.2.
A1482.	D1815.
A1482.1.	B212.0.1.
A1482.1.	V249.2.2.
A1484.1.	A465.3.1.1.
A1484.1.	A541.1.
A1484.1.	D1266.1.1.
A1500.	A545.
A1500.	P600.
A1501.	D1712.
A1503.	A1234.
A1510.	A1422.
A1510.	A1539.1.
A1516.	G10.
A1517.	C220.
A1535.	V70.
A1535.3.	V70.3.
A1535.4.	A1541.3.
A1535.4.	V70.5.
A1539.1.	A1510.
A1539.1.	P632.
A1541.	V70.
A1541.1.	A1543.1.
A1541.2.	A1535.3.
A1541.3.	V70.5.
A1543.1.	A1541.1.
A1543.1.	V69.2.
A1545.	S260.
A1545.	V10.
A1545.5.1.	P16.4.1.
A1546.	V99.
A1546.3.1.	V331.0.2.
A1541.1.1.	A1543.1.
A1541.1.1.	V60.
A1547.1.	A1545.
A1547.1.	A1547.2.
A1549.1.	G13.1.
A1550.	T130.
A1552.1.	F1075.
A1552.1.	T100.
A1552.1.	T415.
A1552.3.	A1270.
A1552.3.	T415.5.
A1555.	T100.
A1555.	H317.
A1555.2.	P532.5.
A1555.2.	T141.2.
A1556.	A1350.
A1556.	C100.
A1556.	T130.
A1556.2.	T300.
A1556.3.	K1500.
A1556.3.	T481.
A1556.4.	T161.
A1557.	A1372.9.
A1560.	T500.
A1570.	P200.
A1575.	P230.
A1577.	A1296.
A1580.	A530.
A1580.	A1471.
A1581.1.	A1336.
A1581.1.	Q211.
A1582.	P500.
A1590.	H41.
A1590.	H71.
A1591.	A1547.
A1591.	V60.
A1596.	A1459.1.
A1596.	P551.
A1597.	C565.
A1597.2.	F545.4.
A1597.2.	K1821.4.
A1597.2.	Q566.2.1.
A1597.2.	Z212.
A1598.	P320.
A1599.8.	U99.
A1599.11.	A2575.
A1599.12.	P311.
A1610.3.	B601.2.
A1611.5.	A1611.
A1611.5.4.1.	F1041.1.3.2.2.
A1611.5.4.3.	A107.
A1611.5.4.3.	A400.0.1.
A1611.5.4.3.	F211.0.2.1.
A1614.1.	M400.
A1614.1.1.	F451.
A1614.1.1.	F451.0.1.
A1614.1.2.	B29.5.
A1616.2.	A541.1.
A1618.	U99.
A1631.	A1232.
A1631.2.	A1231.
A1640.	A1611.
A1650.	P99.
A1650.	P199.
A1650.1.	A1861.1.
A1650.1.	F251.4.
A1650.1.	Q220.
A1650.3.2.	A1641.
A1651.1.	J157.
A1653.1.	P10.
A1654.2.	D1712.
A1656.1.	X561.
A1657.	P170.
A1657.2.	H1129.11.
A1657.2.	A1658.
A1657.2.	P551.0.1.
A1659.1.	A107.
A1659.1.	A123.
A1659.1.	F531.
A1659.1.	G100.1.
A1659.1.	R111.1.4.
A1659.1.	Z100.1.
A1661.1.	A1597.
A1662.1.	G303.16.19.3.3.
A1680.	X682.
A1681.2.	A1422.
A1681.2.	C221.1.
A1681.2.	P715.1.
A1689.11.1.	A2235.
A1691.	A1611.9.
A1700.	D2178.4.
A1702.	A0.
A1710.	A1811.
A1710.	A1833.
A1710.	A1861.
A1710.	A1861.
A1711.	D100.
A1713.	A60.
A1713.	A2286.1.1.
A1714.3.	A1252.
A1714.3.	A1241.
A1715.	A2011.2.
A1715.2.	A1871.
A1715.2.	A1730.
A1715.2.	C841.1.
A1715.2.	Q221.1.
A1715.3.	F456.1.1.1.
A1715.4.	A1853.
A1715.5.	A1895.
A1716.1.	A2001.
A1716.1.	A2611.3.
A1716.1.	E610.
A1716.1.	E613.0.5.
A1716.1.	G100.
A1724.1.1.	A2102.
A1725.1.	A2182.
A1725.1.	D1001.
A1730.	A1715.
A1730.	A2011.2.
A1731.	A2231.10.
A1731.	C916.2.
A1750.	A50.
A1750.	A63.4.
A1751.	A2286.2.
A1751.	A2286.2.1.
A1751.	K483.
A1751.1.	A1811.
A1751.1.	A1853.
A1755.	A1833.
A1755.	A1893.
A1791.	B871.1.1.
A1811.	A1715.
A1811.	A1751.
A1811.	A1755.
A1811.	A1751.1.
A1811.1.	A1710.
A1831.	A1715.
A1831.2.	B1870.1.
A1833.	A1751.
A1833.1.	A1755.
A1833.1.	G303.25.1.
A1833.2.	A1710.
A1836.	A1715.2.
A1853.	A1715.
A1853.	A1751.1.
A1853.1.	A1811.2.
A1861.1.	A1650.
A1861.1.	A1710.
A1861.1.	Q220.
A1861.2.	A1710.
A1861.2.	E15.
A1861.2.	J2400.
A1862.	A1715.2.
A1871.0.1.	A100.
A1871.0.1.	D1006.
A1875.0.1.	A1888.
A1877.1.	B182.
A1881.	B181.
A1881.0.1.	B841.
A1882.	A1751.
A1882.1.	A1730.
A1884.	B189.1.
A1895.	A1710.
A1901.	A1715.
A1904.	B841.
A1912.1.	A1912.2.
A1917.	D511.1.
A1918.	A1710.
A1918.	D151.6.
A1924.	A1904.
A1941.	A1715.1.
A1942.1.	Q565.
A1945.1.	A1710.
A1945.2.	A1710.
A1950.	A1951.
A1952.	A2261.1.
A1957.1.	A1710.
A1957.1.	D153.1.
A1958.	A1710.
A1958.	E613.2.
A1958.0.1.	A1710.
A1965.1.	A1710.
A1965.2.	A2261.1.
A1966.	A1715.
A1966.	C841.1.
A1992.	D162.
A1993.	A1715.2.
A2001.	A1716.1.
A2034.2.	B713.
A2034.2.	E616.
A2034.2.	G100.
A2034.2.	G655.
A2002.	A901.
A2002.	B259.5.
A2003.	A2342.1.
A2003.	C322.
A2005.	A1716.
A2011.2.	A1730.
A2011.2.	Q272.
A2012.0.1.	A1710.
A2012.0.1.	D180.
A2012.0.1.	A2012.1.
A2012.0.1.	B259.4.
A2012.0.1.	V133.
A2031.	B259.5.
A2031.1.	A1730.
A2031.1.	Q321.
A2032.1.	A1730.
A2032.2.	A2051.1.
A2032.3.	A1710.
A2033.	A671.2.7.
A2033.0.1.	A63.4.1.
A2034.2.	A2001.
A2034.3.	A2001.
A2051.1.	A2032.2.
A2091.	A1751.
A2091.1.	A2231.5.
A2126.0.1.	A2305.1.2.
A2127.	D177.
A2135.2.	B61.
A2137.	A1710.
A2145.	D551.6.3.
A2145.0.1.	B91.3.
A2145.1.	A2001.
A2145.1.	A2145.2.
A2145.1.	A1021.1.
A2145.1.	B527.2.
A2145.3.	D2161.4.10.2.2.
A2145.5.	A2231.7.
A2171.1.1.	A1710.
A2182.1.	A1725.
A2210.	A2311.
A2210.	B1.
A2211.1.	A2330.2.
A2211.2.	A2216.
A2211.2.	A2234.
A2211.2.	A2342.1.
A2211.3.	A2356.2.2.
A2211.6.	A2433.5.3.
A2211.7.	A2412.2.
A2211.7.	A1020.
A2211.7.	A2291.
A2211.9.	A2474.1.
A2211.10.	A2312.1.
A2211.12.	A2412.1.
A2212.1.	A2325.2.
A2212.2.	A2433.1.
A2213.	A2231.
A2213.1.	A2302.
A2213.2.	A2412.4.
A2213.2.1.	A2230.1.
A2213.2.2.	A2356.2.9.
A2213.2.3.	A2317.10.
A2213.3.	A2312.
A2213.3.	A2301.
A2213.3.	A221.
A2213.4.1.	A2335.4.4.
A2213.4.2.	A2378.3.4.
A2214.1.	A2378.5.1.
A2214.2.	A2355.1.2.
A2214.3.	A2291.
A2214.3.	B13.
A2214.5.	A2433.6.
A2214.5.1.	A2312.1.1.
A2214.5.1.	J657.2.
A2214.5.1.	K1041.
A2215.1.	A2378.3.3.
A2215.2.	A2378.4.1.
A2215.3.	A2312.1.
A2215.4.	A2321.8.
A2215.5.	A2378.8.1.
A2215.6.	A2371.2.9.
A2216.1.	A2378.2.4.
A2216.1.	K1021.
A2216.2.	A2378.2.2.
A2216.3.	A2211.
A2216.3.	A751.5.
A2216.3.	A2342.1.
A2216.4.	A2378.4.4.
A2216.5.	A2378.5.2.
A2217.2.	A2413.2.
A2217.	A2412.
A2218.	A2378.8.
A2218.	A2411.1.2.
A2218.	A2411.1.3.
A2218.	A2411.1.4.
A2218.	A2411.1.6.
A2218.	A2411.2.1.
A2218.	A2411.2.1.
A2218.	A2411.2.1.
A2218.	A2411.2.1.
A2218.	A2411.2.1.
A2218.	A2411.2.5.
A2218.	A2411.2.5.
A2218.	A2411.2.1.
A2218.	A2411.2.6.
A2218.	A2411.4.
A2218.	A2411.4.
A2218.	A2411.5.3.
A2218.1.	A2411.2.1.5.
A2218.2.	A721.
A2218.2.	A2356.3.2.
A2218.3.	A1415.
A2218.6.	A2442.2.1.
A2219.1.	A2391.
A2219.1.	A2411.1.1.
A2219.1.	A2411.1.2.
A2219.1.	A2411.1.3.
A2219.1.	A2411.2.1.
A2219.1.	A2411.1.4.
A2219.1.	A2411.1.6.
A2219.1.	A2411.2.1.
A2219.1.	A2411.2.1.
A2219.1.	A2411.2.4.
A2219.1.	A2411.2.6.
A2219.1.	A2411.2.6.
A2219.1.	A2411.2.6.
A2219.1.	A2411.2.6.
A2219.1.	A2411.4.1.
A2219.3.	A2532.1.
A2220.1.	A2311.4.
A2221.	A2231.
A2221.	A2287.
A2221.	B131.5.
A2221.	B250.
A2221.	Q20.
A2221.1.	A2231.
A2221.1.	A2356.2.
A2221.1.	A2381.1.
A2221.1.	V211.1.
A2221.2.	A2231.2.
A2221.2.	V211.2.3.
A2221.2.1.	A2545.1.
A2221.2.1.	B483.
A2221.2.2.	A2353.2.
A2221.2.3.	A2411.3.2.
A2221.2.4.	A2431.3.5.
A2221.2.4.	Q150.
A2221.3.	A2412.
A2221.3.	A2221.4.
A2221.3.	A2451.
A2221.3.	A2453.1.
A2221.3.	A2126.
A2221.5.	A2231.7.1.
A2221.5.	B487.
A2221.5.	B523.1.
A2221.5.	R220.
A2221.6.1.	A2411.2.
A2221.8.	A1021.2.
A2221.8.	A2412.1.
A2221.8.	A2441.1.
A2221.11.	A2441.12.
A2222.	A2431.4.1.
A2222.	Q45.
A2222.1.	A2411.2.1.1.
A2233.	A2433.3.1.
A2223.2.	A2313.
A2223.2.	A2321.
A2223.2.	A2421.5.
A2223.2.	E485.
A2223.4.	A2435.
A2223.4.	B243.
A2223.5.	A2545.3.
A2223.6.	A2312.1.
A2229.1.	A2335.4.3.
A2229.2.	A2311.1.
A2229.3.	A2433.4.1.
A2229.4.	A2545.1.
A2229.5.	A2431.2.1.
A2229.6.	A1313.3.
A2229.6.	A2378.8.
A2231.	A2311.
A2231.	A2422.
A2231.	A2302.
A2231.	A2355.1.
A2231.	A2542.1.
A2231.	A2287.
A2231.	B250.
A2231.	C94.
A2231.	M400.
A2231.	Q220.
A2231.1.	A2411.2.6.
A2231.1.1.	A2472.
A2231.1.1.	A2478.
A2231.1.1.	M411.2.
A2231.1.2.	A2341.1.
A2231.1.2.	A2252.4.
A2231.1.3.	A2332.4.1.
A2231.1.4.	A2312.1.
A2231.2.	A2221.2.
A2231.2.	P445.1.
A2231.2.	Q221.2.
A2231.2.1.	A2234.
A2231.2.1.	A2435.4.2.
A2231.2.1.	Z351.
A2231.2.2.	A2422.9.
A2231.3.	C631.
A2231.3.1.	A2431.2.1.
A2231.3.2.	A2435.5.1.
A2231.4.	A2221.
A2231.4.	A2378.2.3.
A2231.5.	A2091.1.
A2231.6.	A2356.2.8.
A2231.7.	A2145.5.
A2231.7.	Q227.
A2231.7.1.	A2221.5.
A2231.7.2.	A2371.2.1.
A2231.8.	A2234.
A2231.8.	A2468.2.
A2231.9.	A2305.
A2231.9.	A2354.1.
A2231.10.	A2332.4.2.
A2231.10.	A1731.
A2231.10.	C500.
A2231.10.	C916.2.
A2231.	A2426.3.1.
A2232.	L420.
A2232.	W128.
A2232.	Q338.
A2232.	A2232.1.
A2232.	A2325.4.
A2232.2.	J950.
A2232.2.	L400.
A2232.2.	A2346.1.
A2232.3.	A2441.3.1.
A2232.4.	A1021.1.
A2232.4.	A2291.
A2232.4.	B42.
A2232.5.	A2416.1.
A2232.6.	A2412.2.2.
A2232.7.	A2375.2.2.
A2232.8.	A2471.1.
A2232.8.	J950.
A2232.8.	L400.
A2232.8.	Q433.3.
A2233.	Q321.
A2233.1.1.	A2435.1.1.
A2233.1.2.	A2441.4.1.
A2233.1.3.	A2468.1.
A2233.2.	A2223.
A2233.2.	A2433.3.2.
A2233.2.1.	J2171.2.1.
A2233.3.	A2332.6.6.
A2233.4.	A2332.6.3.
A2233.4.	J711.1.
A2233.4.1.	A2431.2.
A2234.	C94.
A2234.	M400.
A2234.	Q220.
A2234.	Q325.
A2234.1.	A2231.2.
A2234.1.	A2411.2.1.
A2234.1.	A2435.4.3.
A2234.1.	A1021.2.
A2234.1.	A2291.
A2234.1.1.	A2221.7.
A2234.2.	A2371.3.1.
A2234.2.	C621.
A2234.3.	A2332.3.1.
A2234.3.	C300.
A2234.4.	A2211.
A2234.4.	A2231.
A2234.4.	A2342.1.
A2234.4.	C762.2.
A2235.	A2378.2.5.
A2236.1.	A2344.
A2236.1.	A2426.3.2.
A2236.1.	K961.0.1.
A2236.2.	A1331.
A2236.2.1.	A2371.3.1.
A2236.2.2.	A2375.2.
A2236.2.2.	A2423.1.2.
A2236.4.	A2344.2.
A2236.4.	A2378.3.1.
A2236.6.	A2433.5.1.
A2237.	Q340.
A2237.1.	A2411.2.1.
A2237.1.	A2422.1.1.
A2237.1.	B131.3.
A2237.1.	B134.1.
A2237.1.	J551.1.
A2237.1.	J2365.
A2237.1.	Q241.
A2237.1.	T230.
A2238.	A2261.2.
A2238.	Q272.
A2238.1.	A2335.2.4.
A2238.3.	A2444.1.
A2238.4.	A2431.3.2.
A2239.1.	A2332.4.1.
A2239.1.	Q263.
A2239.2.	A2426.3.
A2239.2.	A2433.5.2.
A2239.3.	A2423.1.
A2239.6.	A2356.2.7.
A2240.	A2221.7.
A2241.	A2313.
A2241.	A2345.
A2241.	A2351.
A2241.	A2375.2.
A2241.	A2421.
A2241.	A2435.4.1.
A2241.	K230.
A2241.	K232.
A2241.	K351.2.
A2241.1.	A2326.1.1.
A2241.4.	A2435.4.1.
A2241.5.	A2332.6.1.
A2241.5.	E781.1.
A2241.6.	A2313.1.
A2241.7.	A2378.1.
A2241.7.	A2433.3.5.
A2241.8.	A2371.3.1.
A2241.9.	A2343.1.4.
A2242.	A2378.1.
A2242.	A2378.2.6.
A2245.	A2313.
A2245.	A2375.2.2.
A2245.1.	A2423.1.
A2245.1.	A2423.2.1.
A2247.	A2313.
A2247.	A2326.1.2.
A2247.	A2326.1.
A2247.	A2326.2.
A2247.	A2332.6.
A2247.	A2345.
A2247.	A2378.1.
A2247.	A2378.1.
A2247.	A2421.
A2247.	A2421.
A2247.	A2431.3.
A2247.	A2431.3.
A2247.	A2435.3.
A2247.	A2435.3.2.
A2247.	A2742.
A2247.1.	A2311.6.
A2247.2.	A2320.
A2247.3.	A2411.1.6.2.
A2247.3.	A2411.1.6.7.
A2247.4.	A2486.3.
A2247.4.	A2247.5.
A2250.1.	A2433.1.
A2250.1.	A2433.4.
A2250.1.	A2433.4.3.
A2251.1.	A2435.3.
A2251.1.	A2486.1.
A2252.1.	A2433.1.1.
A2252.2.	A2515.1.
A2252.3.	A2402.2.
A2252.4.	A2341.1.
A2252.4.	A2231.1.2.
A2254.	B242.1.2.
A2255.1.	A2322.5.
A2255.2.	A2474.1.
A2256.	K52.
A2257.1.	K97.1.
A2261.	A2275.3.
A2261.1.	A1965.
A2261.1.	A2275.
A2261.1.	A2426.2.
A2261.1.	A2426.2.4.
A2261.2.	A2433.5.3.
A2261.3.	A2412.4.
A2262.	A2335.3.
A2262.	A2378.3.
A2262.	A2378.4.1.
A2262.1.	A2371.2.7.
A2262.2.	A2378.9.
A2262.2.	A2378.1.1.
A2262.3.	A2356.1.1.
A2271.1.	A2431.3.1.
A2272.1.	A2425.
A2272.1.1.	A2426.2.1.
A2272.1.2.	A2426.3.4.
A2272.1.3.	A2426.2.2.
A2275.1.	A2425.
A2275.2.	A2426.2.5.
A2275.3.	A2261.
A2275.3.	A2426.2.
A2275.3.	A2426.2.4.
A2275.3.	E601.
A2275.4.	A2426.1.
A2275.4.	A2426.4.1.
A2275.5.	A2471.
A2275.5.1.	A2471.
A2275.5.1.	A2477.
A2275.5.1.	Z24.1.
A2275.5.2.	A2471.3.
A2275.5.3.	A2471.
A2275.5.3.	A2491.1.
A2275.5.4.	A2444.2.
A2275.5.4.	B548.2.1.
A2275.5.4.	D1335.5.2.
A2275.5.4.	H1132.1.
A2275.5.4.	N211.1.
A2275.5.5.	A2471.1.
A2281.	A2494.1.
A2281.	A2494.1.
A2281.	A2494.2.3.
A2281.1.	A2275.
A2281.1.	A2494.1.2.
A2281.1.1.	A1335.1.
A2281.2.	A2494.4.1.
A2282.	A2433.3.
A2282.	A2433.3.
A2282.	A2433.3.
A2282.	A2433.6.1.
A2283.	A2425.
A2284.	K1000.
A2284.1.	A2371.2.
A2284.1.	A2377.1.
A2284.2.	A2486.2.
A2284.3.	A2332.6.4.
A2284.4.	A2365.1.1.
A2284.5.	A2371.2.6.
A2284.6.	A2375.2.5.
A2286.0.1.	A2402.
A2286.0.1.	A2494.
A2286.1.1.	A2335.4.2.
A2286.2.1.	A1751.
A2286.2.3.	A2326.3.1.
A2286.2.4.	A2378.1.
A2287.	A2231.
A2287.1.	A2335.4.1.
A2287.1.1.	A2371.2.2.
A2291.	A1020.
A2291.	A2211.7.
A2291.	A2232.4.
A2291.	A2234.1.
A2291.	A2214.3.
A2291.	A2382.1.
A2291.	B754.4.
A2301.	A2213.3.
A2301.	A2301.1.
A2301.3.	A2213.3.
A2301.4.	A2213.3.
A2302.	A2213.1.
A2302.	A2213.3.
A2302.	A2302.1.
A2302.2.	A2213.1.
A2302.3.	A2213.1.
A2302.4.	A2213.1.
A2302.5.	A2213.1.
A2305.1.	A2231.9.
A2305.1.2.	A2126.
A2305.1.3.	A2213.2.4.
A2311.1.	A2229.2.
A2311.2.	A2210.
A2311.3.	A2210.
A2311.4.	A2220.1.
A2311.5.	A2210.
A2311.6.	A2247.1.
A2311.7.	A2315.2.
A2311.9.	A2250.2.
A2312.1.	A2215.
A2312.1.	A2231.1.
A2312.1.	A2213.
A2312.1.	A2211.10.
A2312.1.	A2223.6.
A2313.	A2402.2.
A2313.1.	A2241.6.
A2313.1.	A2411.2.6.
A2313.2.	A2247.
A2313.3.	A2245.
A2313.4.	A2223.2.
A2315.2.	A2311.7.
A2317.10.	A2213.2.3.
A2317.12.2.	J681.2.
A2317.12.3.	A2378.9.5.
A2320.1.	A2213.1.
A2320.2.	A2247.2.
A2320.3.	A2211.8.
A2321.6.	A2223.2.
A2321.8.	A2215.4.
A2322.5.	A2255.1.
A2325.2.	A2212.1.
A2325.4.	A2232.1.
A2325.7.	A2232.1.
A2326.1.1.	A2241.1.
A2326.1.2.	A2247.
A2326.1.4.	A2247.
A2326.3.1.	A2286.2.3.
A2330.1.	A2213.2.1.
A2330.2.	A2211.1.
A2330.4.	A2412.1.
A2332.1.4.	A2245.
A2332.2.1.	A2286.2.2.
A2332.3.1.	A2234.3.
A2332.3.2.	A2211.2.
A2332.4.1.	A2239.1.
A2332.4.2.	A2231.
A2332.4.2.	A2231.1.3.
A2332.5.7.	K826.
A2332.6.1.	A2241.5.
A2332.6.3.	A2233.4.
A2332.6.4.	A2284.3.
A2332.6.5.	A2239.
A2332.6.5.	A2378.1.4.
A2332.6.6.	A2233.3.
A2335.2.	A2213.4.3.
A2335.2.	A2214.6.
A2335.2.4.	A2238.1.
A2335.2.4.	A2342.1.
A2335.2.5.	A2221.5.1.
A2335.3.1.	A2262.
A2335.4.1.	A2287.1.
A2335.4.2.	A2286.1.1.
A2335.4.3.	A2229.1.
A2335.4.4.	A2213.4.1.
A2341.1.	A2252.
A2341.1.	A2231.1.2.
A2342.1.	A2234.
A2342.1.	A2216.
A2342.1.	A2211.2.
A2342.1.	A2003.
A2342.1.	A2335.2.4.
A2342.2.	A2221.5.1.
A2343.1.4.	A2241.9.
A2344.1.1.1.	A2239.7.
A2344.2.	Q451.3.
A2344.2.	Q451.4.
A2344.2.	S163.
A2344.2.1.	A2236.1.
A2344.2.5.	A2422.8.
A2344.2.5.	K825.1.
A2344.2.6.	A2236.4.
A2345.1.	A2241.
A2345.4.	A2247.
A2345.5.	A2247.2.
A2345.7.2.	A2239.8.
A2346.1.	A2232.2.
A2351.3.	A2241.
A2351.4.1.	A2231.
A2351.5.	A2471.
A2353.2.	A2221.2.2.
A2354.1.	A2231.9.
A2355.1.2.	A2214.2.
A2355.1.2.	A2356.
A2356.1.1.	A2262.3.
A2356.2.2.	A2211.3.
A2356.2.7.	A2221.
A2356.2.7.	A2239.6.
A2356.2.8.	A2231.6.
A2356.2.9.	A2213.2.2.
A2356.3.2.	A2218.2.
A2365.1.1.	A2284.4.
A2367.3.1.	A2532.1.
A2371.2.1.	A2231.7.2.
A2371.2.2.	A2287.1.1.
A2371.2.6.	A2284.5.
A2371.2.7.	A2262.1.
A2371.2.9.	A2215.6.
A2371.2.10.	A2284.1.
A2371.2.11.	A2317.9.
A2371.2.12.	A2221.
A2371.3.1.	A2234.
A2371.3.1.	A2236.2.
A2371.3.1.	A2241.8.
A2375.	A2214.6.
A2375.2.1.	A2241.
A2375.2.2.	A2232.
A2375.2.2.	A2236.2.
A2375.2.2.	A2375.2.1.
A2375.2.3.	A2245.
A2375.2.5.	A2284.6.
A2375.2.6.	A1311.1.
A2375.2.9.	A2230.
A2376.1.	A2376.1.1.
A2377.1.	A2284.1.
A2378.	A2317.12.
A2378.	A2317.12.1.
A2378.1.	A2286.2.4.
A2378.1.1.	A2262.2.
A2378.1.2.	A2241.7.
A2378.1.3.	A2247.
A2378.1.4.	A2332.6.5.
A2378.1.5.	A2241.
A2378.1.5.	A2242.
A2378.1.6.	A2241.10.
A2378.2.1.	K580.
A2378.2.2.	A2216.2.
A2378.2.3.	A2231.
A2378.2.3.	A2236.3.
A2378.2.4.	A2216.1.
A2378.2.5.	A2235.
A2378.2.5.	A2378.2.6.
A2378.3.1.	A2236.4.
A2378.3.3.	A2215.
A2378.3.3.	A2262.
A2378.3.4.	A2213.4.2.
A2378.4.1.	A2215.
A2378.4.1.	A2262.
A2378.4.2.	A2378.2.4.
A2378.4.4.	A2216.4.
A2378.5.1.	A2214.1.
A2378.5.2.	A2216.5.
A2378.7.1.	A2247.
A2378.7.1.	A2241.
A2378.7.1.	A2378.1.6.
A2378.8.	A2229.6.
A2378.8.1.	A2215.5.
A2378.8.3.	A2411.1.3.
A2378.8.4.	A2218.
A2378.8.4.	A2411.1.4.
A2378.8.4.	A2412.2.1.
A2378.9.2.	A2262.2.
A2378.9.5.	A2317.12.
A2381.1.	A2221.1.
A2382.	A2382.1.
A2382.	A2291.
A2382.	A2542.1.1.
A2386.	A2211.13.
A2391.1.	A2219.1.
A2402.	D1337.
A2402.1.	A2286.0.1.
A2402.2.	A2252.3.
A2411.	A2286.2.4.
A2411.	A2330.8.
A2411.	A2332.5.
A2411.1.1.1.	A2219.1.
A2411.1.2.2.	A2378.8.4.
A2411.1.2.4.	A2219.1.
A2411.1.3.1.	A2219.1.
A2411.1.3.2.	A2218.
A2411.1.4.1.	A2218.
A2411.1.4.2.	A2219.1.
A2411.1.4.4.1.	A2411.1.
A2411.1.5.2.1.	A2231.
A2411.1.5.2.1.	A2230.
A2411.1.5.2.1.	A2375.
A2411.1.6.2.	A2247.3.
A2411.1.6.3.	A2219.1.
A2411.1.6.4.	B182.0.1.
A2411.1.6.4.	B182.2.0.3.
A2411.1.6.4.	B731.4.1.
A2411.1.6.4.	Q153.1.
A2411.1.6.5.	A2218.
A2411.1.6.7.	A2247.3.
A2411.2.	A2221.6.1.
A2411.2.1.1.	A2222.
A2411.2.1.4.	A2219.
A2411.2.1.4.	A2221.2.4.1.
A2411.2.1.5.	A2237.
A2411.2.1.5.	A2234.
A2411.2.1.5.	A2231.
A2411.2.1.5.	A2218.
A2411.2.1.5.	A2234.1.1.
A2411.2.1.5.	D1337.6.
A2411.2.1.6.	A2219.
A2411.2.4.1.	A2219.
A2411.2.5.1.	A2218.
A2411.2.5.2.	A2218.
A2411.2.5.3.1.	A2003.
A2411.2.5.3.1.	D155.1.
A2411.2.6.1.	A2219.1.
A2411.2.6.5.	A2219.1.
A2411.2.6.6.	A2219.1.
A2411.2.6.8.	A2219.1.
A2411.2.6.11.	A2219.1.
A2411.3.2.	A2221.2.3.
A2411.4.1.	A2219.1.
A2411.4.2.	A2218.
A2411.4.3.	A2218.
A2411.5.3.	A2218.
A2411.5.6.1.	A2223.8.
A2412.	A2211.
A2412.	A2221.
A2412.	A2221.7.
A2412.	A2320.3.
A2412.	A2356.3.
A2412.	A2378.8.
A2412.1.	A2335.4.3.
A2412.1.	A2356.2.7.
A2412.1.	A2344.3.1.
A2412.1.	A2356.3.3.
A2412.1.	A2364.1.
A2412.1.1.	A2335.2.1.
A2412.1.3.	A2218.4.
A2412.1.4.	A2218.4.
A2412.2.	A2211.7.
A2412.2.	A2253.2.
A2412.2.	A2321.8.
A2412.2.	A2371.4.1.
A2412.2.2.	A2232.6.
A2412.3.	A2356.3.4.
A2412.4.	A2217.
A2412.4.	A2213.2.
A2412.4.	A2315.1.
A2412.4.1.	A2217.3.
A2412.4.2.1.	B124.2.
A2412.5.2.	A2356.2.
A2413.2.	A2217.2.
A2416.1.	A2232.5.
A2421.5.	A2223.2.
A2421.8.	A2236.8.
A2422.1.1.	A2237.1.
A2422.1.1.	B134.1.
A2422.4.	A2421.4.
A2422.8.	A2344.2.5.
A2422.8.	K825.1.
A2422.9.	A2231.2.2.
A2423.1.1.	A2245.1.
A2423.1.2.	A2236.2.2.
A2423.1.4.	A2239.3.
A2423.2.1.	A2423.1.
A2423.2.1.	A2245.1.
A2425.	A2261.
A2425.	A2272.
A2425.	A2275.
A2425.	A2275.2.
A2425.	A2261.1.
A2425.	A2272.1.
A2425.	A2275.1.
A2425.	A2275.2.
A2425.	A2283.
A2426.1.1.	A2275.4.
A2426.1.5.	A2326.2.2.
A2426.2.1.	A2272.1.1.
A2426.2.2.	A2272.1.3.
A2426.2.3.	A2261.
A2426.2.3.	A2275.3.
A2426.2.4.	A2261.
A2426.2.4.	A2275.3.
A2426.2.5.	A2275.2.
A2426.2.15.	A2261.
A2426.2.17.	A2427.3.
A2426.2.17.	J1811.1.
A2426.3.1.	A2231.11.
A2426.3.2.	A2236.1.
A2426.3.3.	A2239.2.
A2426.3.4.	A2272.1.2.
A2426.4.1.	A2275.4.
A2426.4.1.1.	A2162.
A2427.3.	A2426.2.17.
A2428.	A2428.1.
A2431.	A2486.
A2431.2.	A2233.4.1.
A2431.2.1.	A2231.3.1.
A2431.3.1.	A2271.1.
A2431.3.2.	A2238.4.
A2431.3.3.	A2247.
A2431.3.4.	A2247.
A2431.3.5.	A2221.2.4.
A2431.3.7.1.	A2222.
A2433.1.	A2212.2.
A2433.1.1.	A2250.
A2433.1.1.	A2252.1.
A2433.3.1.1.	A2223.1.
A2433.3.2.	A2233.2.
A2433.3.3.	A2282.
A2433.3.4.	A2282.
A2433.3.5.	A2241.7.
A2433.4.1.	A2229.
A2433.4.2.	A2250.1.
A2433.4.3.	A2250.1.
A2433.5.1.	A2236.6.
A2433.5.2.	A2239.2.
A2433.5.3.	A2211.
A2433.5.3.	A2261.
A2433.6.1.	A2214.5.
A2433.6.1.1.	A2282.
A2433.6.1.2.	A2486.
A2434.2.3.	A531.2.
A2434.2.3.	D2176.1.
A2434.2.3.	V229.3.
A2435.1.1.	A2233.1.1.
A2435.3.3.	A2251.1.
A2435.3.7.1.	A2223.3.
A2435.3.10.1.	A2223.
A2435.4.1.	A2241.4.
A2435.4.2.	A2231.2.1.
A2435.4.3.	A2234.1.
A2435.5.1.	A2231.3.2.
A2436.	A1415.2.
A2441.1.12.	A2221.9.
A2441.3.1.	A2232.3.
A2441.3.1.	A2231.7.1.
A2441.4.1.	A2233.1.2.
A2442.2.1.	A2218.6.
A2444.1.	A2238.3.
A2444.2.	A2275.5.4.
A2451.1.	A2221.4.
A2453.1.	A2221.4.
A2468.1.	A2233.1.3.
A2468.2.	A2231.8.
A2468.3.	B11.
A2471.	A2275.5.
A2471.1.	A2275.5.
A2471.1.	A2232.
A2471.2.	A2275.5.1.
A2471.3.	A2275.5.2.
A2471.4.	A2275.5.3.
A2472.1.	A2231.1.1.
A2474.1.	A2255.
A2474.1.	A2211.9.
A2477.1.	A2236.
A2477.1.	A2275.5.1.
A2477.1.	A2236.8.
A2478.	A2231.1.1.
A2486.	A2433.6.1.2.
A2486.1.	A2251.1.
A2486.2.	A2284.2.
A2486.3.	A2247.4.
A2489.1.1.	J2272.1.
A2491.1.	A2275.5.3.
A2491.1.	A2491.1.1.
A2491.1.	A2236.3.
A2493.	K815.
A2493.	M246.
A2494.	A2286.0.1.
A2494.	A2004.
A2494.	A2585.
A2494.1.1.	A2281.
A2494.1.2.	A2281.1.
A2494.1.3.	A2281.
A2494.2.3.	A2281.
A2494.4.1.	A2281.2.
A2494.4.6.	A2494.1.
A2494.4.6.	A2281.1.
A2494.5.3.	A2281.
A2494.8.	A2494.10.3.
A2494.9.	A2494.4.5.
A2494.12.	A2494.13.
A2494.12.	A2494.13.5.
A2494.13.	A2494.12.
A2494.13.	A2494.16.4.
A2494.14.	A2494.13.
A2494.14.	A2494.13.10.
A2494.14.	A2494.13.11.1.
A2494.16.	A2494.11.
A2494.16.	A2494.12.7.
A2496.1.	A2236.
A2496.1.	A2236.5.
A2515.1.	A2252.2.
A2523.1.	A2287.1.
A2531.0.1.	A2295.
A2531.1.	A2532.1.
A2532.1.	A2235.
A2532.1.	A2219.3.
A2536.	B147.
A2536.3.	A523.1.
A2540.	W154.3.1.
A2541.2.	A2221.5.
A2542.1.	A2231.
A2542.1.1.	A2232.4.
A2542.2.	A2231.5.
A2545.1.	A2221.2.
A2545.1.	A2229.4.
A2545.3.	A2223.5.
A2547.	B240.
A2575.	A1599.11.
A2610.	D210.
A2611.	E631.
A2611.1.	A2685.1.
A2611.1.	A1420.1.
A2611.4.	A2686.3.
A2611.5.	A2664.
A2611.6.1.	A2683.
A2612.	D1454.4.3.
A2612.1.	A2681.
A2612.1.	A1331.
A2612.2.	A2651.
A2612.3.	A2686.2.
A2613.1.	A2686.1.
A2615.	D450.
A2615.	D462.
A2615.1.	A2688.1.
A2620.	V200.
A2621.1.	A2650.
A2622.	A2653.
A2623.	A2532.1.
A2625.	A2615.
A2631.	A2230.
A2631.1.	A2688.1.
A2631.1.	Q211.
A2632.1.	A2681.1.
A2634.	A2699.
A2650.	A2617.
A2650.	A2621.1.
A2650.	E631.1.1.
A2650.	E631.1.2.
A2651.	A2612.2.
A2653.	A2622.
A2664.	A2611.5.
A2666.	A2611.0.4.1.
A2681.	A2612.1.
A2681.1.	A2632.1.
A2681.5.1.	A2611.3.
A2683.	A2611.6.
A2683.	A2611.6.1.
A2684.	A2691.2.
A2685.	A1423.2.
A2685.1.	A2611.1.
A2686.1.	A2613.1.
A2686.2.	A2612.3.
A2686.3.	A2611.4.
A2686.3.	F954.4.
A2688.1.	A2615.
A2688.1.	A2631.1.
A2691.2.	A2611.
A2691.2.	A2611.2.1.
A2691.4.	A2733.
A2710.	F1099.4.1.
A2711.	A2221.
A2711.	Q20.
A2711.3.	R220.
A2711.4.	A2765.1.
A2711.4.1.	D950.1.
A2711.4.1.	D1402.10.1.
A2711.6.	A2771.
A2720.	A2688.1.
A2721.1.	A2772.2.
A2721.2.	A2711.2.
A2721.2.	Q221.2.
A2721.2.1.	A2751.3.
A2721.2.1.	A2751.3.
A2721.2.1.	A2755.
A2721.2.1.	A2762.
A2721.2.1.	A2775.
A2721.2.1.	Z352.
A2721.2.1.1.	A2762.1.
A2721.2.1.2.	A2762.2.
A2721.2.1.4.	A2766.1.
A2721.2.2.	A2751.3.1.
A2721.3.1.	Q591.2.
A2721.4.	R220.
A2722.1.	A2771.2.
A2723.1.	A2767.1.
A2725.1.	A2771.1.
A2731.	A2615.
A2731.2.	A2755.3.
A2731.2.	A2755.3.2.
A2731.2.1.1.	A2711.4.2.
A2731.3.	A2755.1.
A2733.	A1371.2.
A2733.	A2691.3.
A2734.1.	A2751.2.1.
A2734.2.	A2755.3.
A2736.	A2751.
A2736.	A2752.
A2738.	A2755.4.
A2741.1.	A2793.
A2741.1.	F1025.1.
A2741.2.	A2793.3.
A2741.3.	A2761.3.
A2741.4.	A2792.1.
A2741.4.	A2275.5.3.
A2741.5.	A2760.
A2742.	A2247.
A2743.	G303.
A2751.1.	A2736.
A2751.2.1.	A2734.1.
A2751.3.1.	A2721.2.
A2751.3.1.	A2721.2.
A2751.3.1.	A2732.
A2751.3.2.	A2721.2.1.
A2752.	A2688.1.
A2755.1.	A2731.3.
A2755.2.	A2721.2.1.
A2755.3.	A2734.2.
A2755.3.1.	A2731.2.
A2755.3.2.	A2731.2.
A2755.4.	A2738.
A2760.	E631.0.2.
A2761.3.	A2741.3.
A2762.1.	A2721.2.1.1.
A2762.2.	A2721.2.1.2.
A2765.	A2711.4.
A2766.1.	A2721.2.1.4.
A2767.1.	A2723.1.
A2771.1.	A2725.1.
A2771.1.	A2771.2.
A2771.1.	A2722.1.
A2771.3.	A2742.
A2771.5.	A901.
A2771.8.1.	A2721.7.
A2772.2.	A2721.1.
A2775.	A2721.2.1.
A2777.1.	B252.2.
A2788.	A2711.6.
A2792.1.	A2275.5.
A2792.1.	A2741.4.
A2793.1.	A2741.1.
A2793.3.	A2741.2.
A2793.4.	A2721.3.2.
A2813.	A2012.2.
A2817.1.	F491.
A2826.	D233.
A2831.	G302.
A2831.	G303.
B0.	A113.
B0.	A131.
B0.	A132.
B0.	A417.1.
B0.	A522.
B0.	D1840.2.
B0.	F167.1.
B0.	F234.1.
B0.	F980.
B1.	A1614.1.2.
B1.	A2210.
B2.	A113.
B2.	B630.
B2.	C221.2.
B2.	C841.
B2.	V12.4.
B11.	A139.3.
B11.	A162.2.
B11.	A1072.4.
B11.	A1142.2.
B11.	A1265.
B11.	A2001.
B11.	B91.3.
B11.	B163.1.
B11.	B498.
B11.	C92.2.
B11.	D199.2.
B11.	D419.1.1.
B11.	D429.1.1.
B11.	D659.4.2.
B11.	D812.7.
B11.	D1846.4.
B11.	E263.
B11.	E738.1.
B11.	H1024.5.
B11.	H1274.
B11.1.1.	B12.1.
B11.1.2.	B318.
B11.1.2.	D410.
B11.1.3.	B11.6.2.
B11.2.1.	B14.
B11.2.1.4.	B16.9.
B11.2.1.4.	B875.
B11.2.1.4.	B21.5.
B11.2.1.4.	B175.
B11.2.3.	B15.1.2.
B11.2.3.	F531.1.2.2.
B11.2.3.	G361.1.3.
B11.2.3.	G304.1.3.
B11.2.3.1.	G11.17.
B11.2.3.1.	G215.1.
B11.2.4.	F551.
B11.2.9.	D1015.1.2.
B11.2.9.	D1500.1.9.3.
B11.2.11.	B16.
B11.2.11.	B742.
B11.2.11.	D1337.11.
B11.2.11.	M357.1.
B11.2.11.1.	F582.2.
B11.2.11.2.	B14.1.
B11.2.11.2.	B16.
B11.2.11.2.	B742.
B11.2.11.2.	D1337.11.
B11.2.11.2.	M357.1.
B11.2.12.	B870.
B11.2.12.	F531.
B11.2.13.	D1016.
B11.2.13.1.	B776.5.
B11.2.14.	B108.2.
B11.3.1.	F420.
B11.3.1.2.	F426.
B11.3.3.	B11.4.1.
B11.3.5.	A1070.
B11.3.5.	F450.
B11.3.6.	A671.
B11.3.6.	B11.6.4.
B11.3.6.	Q568.2.
B11.4.1.	B11.2.1.11.
B11.4.1.	B40.
B11.4.1.	F796.
B11.4.2.	D1812.5.
B11.4.5.	B123.
B11.4.5.	B211.
B11.5.2.	D1361.
B11.5.2.	D1980.
B11.5.5.	B11.2.
B11.5.5.	B11.11.2.
B11.5.5.	D1602.12.
B11.5.5.	E783.
B11.5.5.	F531.1.2.6.
B11.6.2.	B11.1.3.
B11.6.2.	B576.2.
B11.6.2.	D950.0.1.
B11.6.2.	H335.7.
B11.6.2.	N511.4.
B11.6.2.	N557.
B11.6.2.	N570.
B11.6.6.	B11.3.6.
B11.6.6.	F152.
B11.6.6.	F721.2.2.
B11.6.8.	B31.2.2.
B11.6.8.1.	B11.11.6.
B11.6.10.	B776.
B11.7.	A287.
B11.7.1.1.	A1111.
B11.7.1.1.	F420.4.9.
B11.10.	B16.6.
B11.10.	R111.1.3.
B11.10.	S262.
B11.10.0.1.	V12.4.
B11.11.	A531.
B11.11.	B524.1.1.
B11.11.	B875.2.
B11.11.	C422.1.
B11.11.	D1385.14.
B11.11.	D1402.14.
B11.11.	D1795.
B11.11.	F962.10.1.
B11.11.	G357.
B11.11.	H105.1.
B11.11.	H1333.3.0.1.
B11.11.	H1561.6.
B11.11.	K835.
B11.11.	K1052.
B11.11.	R111.1.4.
B11.11.	T68.1.
B11.11.2.	B11.2.3.
B11.11.2.	B11.5.5.
B11.11.3.	B11.2.
B11.11.3.	B11.12.3.
B11.11.4.	R111.
B11.11.4.	B11.11.
B11.11.6.	B11.6.6.1.
B11.12.1.	A2468.3.
B11.12.1.	K1840.2.
B11.12.2.	B741.
B11.12.2.	B741.1.
B11.12.2.	D2081.
B11.12.3.	B11.2.11.
B11.12.3.	B11.11.3.
B11.12.3.	B15.7.13.
B11.12.3.	B15.7.14.
B11.12.3.	B19.4.
B11.12.3.	D1271.
B11.12.3.	F574.
B12.1.	B11.1.1.
B12.1.	B19.3.
B12.1.	B710.
B12.2.	D2061.2.1.
B12.2.	D2071.
B13.	B15.7.2.
B13.	K771.
B13.	A2214.3.
B14.1.	B11.2.11.
B14.1.	B742.
B15.	B20.
B15.	B50.
B15.	B80.
B15.	B700.
B15.	B720.
B15.	F241.1.3.1.
B15.1.2.	B15.7.2.
B15.1.2.	B11.2.3.
B15.1.2.	D1846.2.
B15.1.2.	F531.1.2.2.
B15.1.2.	G304.1.3.
B15.1.2.	G361.1.
B15.1.2.4.	B642.1.1.
B11.2.3.1.	G11.17.
B15.1.2.6.1.	G215.1.
B15.1.2.8.1.	F1041.5.
B15.1.2.10.3.	A842.1.
B15.1.3.	F511.
B15.1.3.	F558.
B15.2.	B15.7.2.
B15.3.	F511.3.
B15.3.	G361.1.2.1.
B15.3.3.	B106.1.1.
B15.3.3.	B870.
B15.3.3.	F234.1.4.
B15.4.	B15.7.2.
B15.4.	B721.
B15.4.	F541.
B15.4.2.1.	B19.4.
B15.4.2.1.	E42.3.6.
B15.4.2.1.	E501.4.1.3.
B15.5.	F514.
B15.5.	F543.
B15.5.1.	B19.1.
B15.5.2.	B742.
B15.5.2.	E501.4.2.4.
B15.5.2.	B15.7.13.1.
B15.6.	B19.1.
B15.6.	B11.2.4.
B15.6.	E501.4.2.6.
B15.6.	F551.
B15.6.	H609.5.
B15.6.	X1381.
B15.6.1.	E501.4.1.6.
B15.6.1.	E521.2.
B15.6.1.	F241.1.3.
B15.6.3.1.1.	A135.
B15.6.3.2.	B172.
B15.6.3.2.	H619.5.
B15.7.	B92.
B15.7.1.	A673.
B15.7.2.	B15.
B15.7.2.	B15.
B15.7.2.	B15.4.
B15.7.2.	B871.
B15.7.2.	G350.
B15.7.5.	B21.
B15.7.8.	B16.4.
B15.7.8.	B183.
B15.7.8.	B871.2.
B15.7.9.	B182.
B15.7.9.	H1331.3.2.
B15.7.9.	U35.
B15.7.9.1.	B182.
B15.7.10.1.	F558.
B15.7.11.	B15.6.3.
B15.7.11.	B15.7.9.1.
B15.7.12.	B17.2.1.2.
B15.7.12.	D1271.
B15.7.13.	B11.12.3.
B15.7.13.	B33.1.
B15.7.16.	B172.6.
B16.	B11.2.11.
B16.	B11.12.2.
B16.	B17.
B16.	B33.
B16.	B776.
B16.	E263.
B16.	F366.3.
B16.	F981.4.
B16.	G346.
B16.	H1161.
B16.	H1362.
B16.1.1.	B184.
B16.1.1.	B871.10.
B16.1.1.	H1411.2.
B16.1.1.	R13.2.
B16.1.1.1.	B871.
B16.1.1.2.	B19.4.
B16.1.1.2.	B184.
B16.1.1.2.	F831.2.
B16.1.1.2.	B916.
B16.1.2.1.	B871.13.
B16.1.4.	B183.
B16.1.4.1.	B183.
B16.1.4.1.	B871.
B16.1.5.1.	B23.
B16.1.5.2.	B17.1.3.
B16.1.6.	B189.1.
B16.1.6.	B776.1.
B16.1.6.	B871.3.
B16.2.1.	S262.
B16.2.3.	H1161.
B16.2.7.	B188.
B16.2.7.	F234.1.4.
B16.3.	B33.
B16.4.1.	B61.
B16.4.1.1.	A1145.2.
B16.5.1.1.	B11.6.4.1.
B16.5.1.2.	B91.5.
B16.5.1.2.	B875.
B16.5.1.2.	G308.
B16.6.1.	B874.
B17.	G346.
B17.1.1.	B776.1.
B17.1.2.	B16.18.
B17.1.2.	B187.
B17.1.2.2.	F628.1.
B17.1.2.2.	F981.
B17.1.2.2.1.	F628.1.0.1.
B17.1.2.2.1.	F981.
B17.1.2.3.	D141.
B17.1.3.	B15.1.5.2.
B17.1.4.	B181.7.
B17.1.5.	B16.1.
B17.2.1.	B61.
B17.2.1.	B91.5.
B17.2.1.	G308.
B17.2.1.1.	B70.
B17.2.1.2.	B15.7.12.
B17.2.1.2.	R262.
B17.2.3.	B73.
B17.2.3.	B42.
B19.	A673.
B19.	A878.3.1.
B19.	A878.3.2.
B19.1.	B15.
B19.1.	B15.
B19.1.	A141.1.
B19.1.	B182.3.
B19.1.	B742.
B19.2.	B182.
B19.2.	B530.
B19.2.	D1472.
B19.2.	D1665.2.
B19.2.1.	A14.
B19.3.	A580.
B19.3.	B12.1.
B19.3.	B710.
B19.3.	B811.1.
B19.4.	B15.4.2.
B19.4.	B11.12.3.
B19.4.	B16.1.2.
B19.4.	B172.8.
B19.4.	B721.
B19.4.	D1645.
B19.4.	E501.4.1.2.
B19.4.	E501.4.2.5.
B19.4.	E501.4.1.3.
B19.4.1.	B183.2.
B19.4.2.	B11.2.3.
B19.4.3.	B189.1.
B19.4.4.	B187.
B19.7.	B535.1.
B20.	B92.
B20.	F510.
B20.	F526.
B20.	F540.
B20.	T611.10.1.
B21.	A132.
B21.	B25.1.1.
B21.	B29.8.
B21.	B181.
B23.1.	B16.11.
B23.1.	F781.1.
B23.1.	T465.
B23.3.	A131.6.
B24.	B29.5.
B24.	F442.
B24.	F611.1.3.
B24.1.	B130.
B24.1.	U119.1.
B24.2.	A1614.1.2.
B24.2.	B29.
B25.	B187.
B25.	B635.4.
B25.	D141.0.1.
B25.1.1.	B21.
B27.	B51.
B29.1.	F582.1.
B29.3.	A132.7.
B29.3.	B183.2.
B29.3.	D136.
B29.3.	F241.3.1.
B29.4.1.	A131.3.
B29.4.1.1.	C7369.4.
B29.5.	D113.1.1.
B30.	A132.6.1.
B30.	F234.1.15.
B30.2.	B171.
B31.1.0.1.	B552.
B31.1.0.1.	G351.
B31.1.0.1.	K186.1.1.
B31.1.0.1.	K521.1.1.
B31.1.1.	X1036.
B31.2.	F531.1.8.8.
B31.2.	G531.
B31.2.	N812.1.
B31.2.	P272.
B31.6.	A284.2.
B31.6.1.	B172.10.
B31.6.2.	F531.3.10.
B31.6.2.	F621.2.
B33.	B16.
B33.1.	B15.7.13.
B33.1.1.	D1500.4.2.
B33.1.2.	F234.1.15.
B33.1.4.	D1273.
B33.1.4.	D2061.1.3.
B37.	B32.
B39.	A878.3.3.
B39.	A878.3.4.
B40.	B11.4.1.
B40.	E501.4.1.7.
B41.2.	A171.1.
B41.2.	A724.1.
B41.2.	B542.2.
B41.2.	B552.
B41.2.	D1532.
B41.2.	D1626.1.
B41.2.	D2135.
B41.2.	F460.2.2.
B42.	A2232.4.
B42.	B17.2.2.
B42.	B542.2.1.
B42.	N575.
B43.	B1823.
B45.	B447.11.2.
B45.	D411.2.1.
B45.	J2133.5.2.
B48.	B94.
B50.	A132.6.2.
B50.	F234.1.15.
B51.	B27.
B51.	C822.
B51.	H541.1.1.
B51.	H761.
B53.0.1.	D1275.
B53.0.1.	D1355.1.1.
B53.0.1.	F302.3.1.
B53.0.1.	J672.1.
B53.0.1.	B81.
B53.0.1.	F302.3.1.
B53.0.1.	J672.1.
B53.2.	N810.
B53.2.	T611.
B60.	B11.2.1.3.
B60.	B17.2.1.
B60.	B91.5.
B60.	B175.
B60.	B872.
B60.	G308.
B61.	A876.1.
B61.	A1145.2.
B61.	B16.4.1.
B61.	F911.4.
B61.	X1723.
B70.	B17.2.1.
B70.	F420.1.2.
B70.	F713.3.
B71.	A171.0.1.
B71.	B401.1.
B71.	B611.3.1.
B71.	F241.1.
B72.	B184.2.2.2.
B72.1.	F421.2.
B72.1.	Z65.1.1.
B72.1.	B73.
B72.1.	B17.2.1.3.
B72.1.	B184.
B80.	B53.
B81.	B53.0.1.
B81.	D361.1.
B81.	D1410.4.
B81.	D1719.7.
B81.	D1812.5.1.9.
B81.	F423.
B81.	F611.2.2.
B81.	R137.
B81.	S214.
B81.0.2.	F212.
B81.1.	E600.
B81.2.	B600.
B81.2.	F300.
B81.2.	F302.
B81.2.	F460.4.1.
B81.2.	T111.
B81.2.2.	F302.3.4.
B81.4.	R11.1.
B81.6.	F372.1.
B81.6.	T584.
B81.7.1.	D1812.
B81.7.1.	M301.
B81.7.1.	M340.
B81.7.1.	N456.
B81.9.1.	G219.4.
B81.9.4.	B81.13.13.
B81.9.4.	F531.
B81.10.	F585.1.
B81.10.	F910.
B81.11.	B53.4.
B81.11.	D1364.24.
B81.11.	D1960.
B81.13.10.	C401.4.
B81.13.11.	D361.1.
B82.	D1857.
B82.1.	D131.1.
B82.1.	D1639.3.
B82.1.	C713.
B82.1.	F301.
B82.1.	F322.0.1.
B82.1.1.	R11.1.
B82.2.	S260.
B82.3.	F376.
B82.5.	F384.2.
B91.	A876.
B91.	B11.
B91.	B15.1.2.10.2.
B91.	B16.9.
B91.	B19.4.2.
B91.	B61.
B91.5.	B11.3.1.
B91.5.	B15.7.12.
B91.5.	B16.9.
B91.5.	B875.
B91.5.	G308.
B91.5.	X1396.1.
B91.5.1.	B750.
B91.5.1.	D631.
B91.5.2.1.	B81.2.3.1.
B91.6.	A1011.
B100.	D468.1.1.
B100.	B300.
B100.	B562.1.
B100.	D876.
B100.	D1450.
B100.	D2100.
B100.1.	B335.
B101.2.	D1025.1.
B101.3.	D1025.
B101.4.	B188.
B101.4.	B731.7.2.
B101.4.1.	B15.3.3.
B101.4.1.	B731.7.
B101.5.	B872.3.1.
B101.6.	D1011.
B101.7.	B11.2.14.
B101.7.	B722.
B101.7.	B722.3.
B101.7.	D1011.
B101.7.	H1151.1.26.
B102.1.1.	B122.0.2.
B102.1.1.	B143.1.5.
B102.1.1.	H1331.1.3.
B102.2.	B181.
B102.2.	H1151.9.
B103.	B756.
B103.0.2.	D1652.1.
B103.2.1.	B192.
B103.2.1.	D876.
B103.2.1.	D1019.
B103.3.1.	D1454.3.
B103.4.2.2.	D1645.1.
B103.4.3.	B109.1.
B103.4.3.	B187.
B103.4.3.	D2102.1.
B107.1.	B548.2.1.
B107.1.	N211.1.
B110.	B300.
B110.	B720.
B110.	D1010.
B110.	D1450.
B110.	D1469.5.
B110.	D2100.
B112.	B108.
B112.	B115.
B112.	B765.2.
B112.	D1011.
B112.	D1011.3.1.
B112.	D1361.9.
B113.1.	D1015.1.1.
B113.2.	D1561.1.
B113.2.	M312.
B113.2.	D1011.0.1.
B115.1.	B530.
B115.1.	D1011.1.
B115.1.	D1017.
B115.1.	D1470.2.3.
B115.1.	D1472.
B120.	B733.
B120.	D1300.
B120.	J130.
B120.	K423.0.1.
B120.0.1.	D1825.1.
B121.1.	B134.
B121.1.	B152.
B121.1.	B153.
B121.1.	B187.
B121.1.	B421.
B121.1.	B521.3.1.
B121.1.	E761.7.5.
B121.1.1.	B187.3.2.
B121.1.1.	D1653.
B122.	B211.3.
B122.0.1.	B102.1.
B122.1.1.	B560.
B122.2.	A165.0.1.
B122.2.	B575.
B122.2.	C92.1.
B122.4.	J2272.1.
B122.7.	B176.
B122.8.	K2350.
B123.1.	B176.
B123.1.	B505.
B123.1.1.	A165.
B124.	B175.
B124.1.	B142.
B124.1.	B211.5.
B124.1.	B243.
B124.1.	B470.
B124.1.	D1318.2.1.
B130.	B120.
B130.	B150.
B130.	B560.
B130.	D1316.
B130.	H200.
B130.	J130.
B131.	B172.
B131.	B211.9.
B131.	B450.
B131.	H1331.1.1.
B131.	J1154.1.
B131.	K1591.
B131.1.	B215.1.
B131.1.	N271.3.
B131.1.	Q211.
B131.2.	B133.2.
B131.2.	K1911.3.1.
B131.2.	N270.
B131.2.	Q261.
B131.3.	B134.1.
B131.3.	A2237.1.
B131.3.	B335.4.
B131.3.	J551.1.
B131.3.	Q241.
B131.3.	T230.
B131.4.	E215.
B131.5.	B143.1.2.
B131.5.	B521.1.
B131.6.	A2231.7.1.
B133.	B149.1.
B133.	B181.
B133.	B211.3.
B133.	B401.
B133.1.	B521.3.
B133.1.	D1317.
B133.2.	B131.2.
B133.2.	N270.
B133.2.	Q261.
B133.3.	D1311.7.1.
B133.3.	K1911.3.1.
B133.4.	B159.2.
B133.4.	Q263.
B134.	B121.
B134.	B152.
B134.	B153.
B134.	B211.7.
B134.	B421.
B134.	B521.3.1.
B134.	B521.3.4.
B134.	E421.1.3.
B134.1.	B131.3.
B134.1.	A2237.1.
B134.1.	A2422.1.
B134.1.	H411.
B134.1.	J2365.
B134.1.	K1271.
B134.1.	Q241.
B134.1.	T481.
B134.5.	B211.7.
B134.5.	E300.
B140.	B560.
B140.	D1311.
B140.	D1812.
B140.	M300.
B140.	M312.0.2.
B141.2.	B413.
B141.2.	B133.
B141.2.	B181.
B141.2.	B211.3.
B141.2.	B250.
B141.2.	B301.4.1.1.
B141.2.	B401.
B141.2.	B736.2.
B141.2.1.	B301.4.2.
B141.2.1.	D1812.0.1.
B141.4.	B187.
B141.4.1.	D1812.5.0.9.
B142.2.	B126.
B142.2.	B147.1.2.1.
B142.2.	B441.
B143.	B172.
B143.	M353.
B143.0.8.1.	F0.
B143.0.8.1.	M394.
B143.1.	B131.5.
B143.1.	B521.3.
B143.1.	D1317.
B143.1.	D1612.
B143.1.5.	B102.1.
B143.1.5.	B521.3.
B143.2.	A1002.
B143.2.	B122.
B144.	B175.
B144.	B470.
B144.	D1318.2.1.
B144.1.	B311.
B147.	A2536.
B147.	B521.
B147.	D1812.5.1.12.
B147.	N131.
B147.1.2.2.	B16.1.
B147.1.2.2.	B871.1.6.
B147.2.2.	B172.
B147.2.2.4.	B291.2.
B147.2.2.4.	D1812.5.1.27.
B147.2.2.4.	E761.7.6.
B147.2.2.5.	A1904.
B147.3.1.2.	M312.
B150.	D1311.
B150.	H171.
B150.	H173.
B150.	M300.
B150.	N774.
B151.1.1.	B401.
B151.1.1.	B563.
B151.1.1.	D1313.
B151.1.1.	J1179.2.
B151.1.1.	N774.
B151.1.1.0.1.	B250.
B151.1.1.2.1.	N277.
B151.1.6.	B563.
B151.2.0.1.	R135.
B151.2.0.2.	F159.1.
B151.2.0.2.	N774.
B152.	H171.2.
B152.1.	B121.
B152.1.	B153.
B152.2.	H310.
B152.2.	T54.
B153.	B103.4.3.
B153.	B121.
B153.	B134.
B153.	B187.
B153.	B421.
B153.	D1314.
B153.	D1816.
B153.	N530.
B154.	B140.
B154.	B191.
B154.	B182.2.
B155.	B153.
B155.	B256.
B155.	B563.4.
B155.	D1314.
B155.	D1816.
B155.	V111.3.1.
B155.1.	B563.4.
B155.1.	V111.3.1.
B155.2.3.	V111.3.1.
B161.	A1591.1.
B161.	D1300.
B161.	D1319.
B161.	D1811.
B161.	Q552.4.
B161.	B123.
B161.	B165.1.
B161.	B217.1.1.
B161.	B491.
B161.	D1032.
B161.1.	B165.1.1.
B161.1.	B176.
B161.3.	B176.
B161.3.	D1793.
B161.3.	D1811.1.
B161.4.	E750.
B162.	B175.
B162.	B124.2.
B162.1.	B175.
B162.1.	D1811.1.1.
B162.1.	M315.
B165.	B216.
B165.	B217.1.
B165.1.	B176.
B165.1.1.	B161.1.
B165.1.2.	B176.
B170.	R262.
B171.1.	D915.2.
B171.1.	D1010.
B171.1.	K481.
B171.1.1.	D1619.2.
B171.1.1.	F915.
B172.	B115.
B172.	B147.
B172.	B151.
B172.	B155.2.
B172.	B157.
B172.	B159.
B172.	B159.
B172.	B171.
B172.	B297.1.1.
B172.	B594.1.
B172.	F262.3.2.
B172.	H1331.1.
B172.2.	D2011.1.
B172.2.	E55.1.
B172.2.1.	D1364.24.
B172.2.	B292.5.
B172.2.	B1359.3.1.
B172.4.	D1013.
B172.4.	D1021.
B172.5.	E80.
B172.6.	D659.10.
B172.6.	F159.1.
B172.6.	F241.0.1.
B172.6.	N774.
B172.7.	B845.2.
B172.8.	D2140.
B172.10.	D1364.
B172.10.	D1960.
B172.10.	A485.1.
B172.10.	B31.6.1.
B172.10.	B147.2.2.1.
B172.10.	B147.2.2.3.
B172.10.	D1293.4.
B172.10.	D1385.12.1.
B172.10.	F401.3.7.1.
B172.10.	F402.1.5.1.
B172.10.	G303.3.3.3.3.
B175.	B107.
B175.	B144.
B175.1.	B243.
B175.1.	B470.
B175.1.	D1318.2.1.
B175.1.	D1613.1.
B175.1.	F989.18.
B175.1.	B142.2.
B175.1.	B214.1.
B175.1.	B541.1.
B175.1.	B551.
B175.1.	F911.3.2.
B175.1.	R245.
B175.2.	B540.
B176.1.	T172.2.
B176.1.1.	A1331.
B177.1.	V34.2.
B177.3.	F910.
B181.1.	B211.
B181.1.	B422.
B181.1.	B422.
B181.1.	B292.6.
B181.1.	B871.1.6.
B181.1.	G225.3.
B181.1.	G241.1.4.
B181.1.	G252.
B181.1.	H1417.
B181.1.	R13.12.
B182.1.	D1380.16.
B182.1.	D1566.1.6.
B182.1.	H1331.6.
B182.1.0.1.	A1831.2.
B182.1.0.2.	D17.1.2.3.
B182.1.0.2.	D141.
B182.1.0.2.	T257.2.3.
B182.1.1.	B109.1.1.
B182.1.2.	B17.
B182.1.2.	F241.6.
B182.1.2.	F360.
B182.1.3.1.	F916.2.
B182.1.7.	D1275.1.
B182.1.7.	F252.3.1.
B182.2.	B447.
B182.2.	D113.2.
B182.2.	E235.4.
B182.2.	G211.6.
B183.1.1.	D1025.3.
B183.1.1.	D1532.1.
B183.1.2.	D2064.
B184.1.	B211.3.
B184.1.	B316.
B184.1.	B401.
B184.1.	C762.3.
B184.1.	C942.2.
B184.1.	D491.1.2.
B184.1.	D1654.2.
B184.1.	D1734.
B184.1.	D1846.3.
B184.1.	H1154.8.
B184.1.	H1331.4.
B184.1.	K985.
B184.1.1.	D2122.
B184.1.2.	D1533.2.
B184.1.2.	D2131.
B184.1.3.	B72.
B184.1.3.	B401.1.
B184.1.3.	C918.
B184.1.3.	F133.1.
B184.1.4.	A171.0.1.
B184.1.4.	D1524.1.
B184.1.4.	D1533.
B184.1.4.	D2125.
B184.1.4.	F159.2.
B184.1.4.	F213.3.
B184.1.4.	F721.1.
B184.1.5.	D1005.
B184.1.6.	B41.2.
B184.1.6.1.	D1980.
B184.1.7.	B301.
B184.1.7.	B401.
B184.1.10.	F1071.
B184.1.11.	D1840.2.
B184.1.11.	D1846.3.
B184.2.	D491.1.1.
B184.2.	D1652.3.
B184.2.	H1331.3.
B184.2.	K476.8.
B184.2.0.1.	B259.11.1.
B184.2.0.1.	B731.4.1.
B184.2.0.1.	D1515.3.
B184.2.0.1.	E33.1.
B184.2.0.1.	H1331.3.1.
B184.2.0.1.	Q153.1.
B184.2.0.1.1.	D1500.1.38.
B184.2.0.1.1.	F241.2.1.2.
B184.2.1.1.1.	B411.
B184.2.1.1.1.	D1018.
B184.2.1.1.1.	D1036.
B184.2.1.1.1.	D1043.
B184.2.1.2.	D1475.
B184.2.1.3.	B109.
B184.2.2.	B154.
B184.2.2.	B871.1.
B184.2.2.1.	B754.0.1.
B184.2.2.2.	B72.
B184.2.2.2.	F133.1.
B184.2.2.2.	F241.2.
B184.2.3.	A132.9.
B184.2.3.	A137.7.
B184.2.3.	B19.1.
B184.2.3.	B43.
B184.2.3.	B871.1.2.
B184.2.3.1.	B411.1.
B184.2.3.1.	D1025.
B184.3.	B16.4.
B184.3.	B16.4.3.
B184.3.	B16.4.4.
B184.3.	B192.1.
B184.3.	D1281.1.
B184.3.	D1359.3.2.
B184.3.	D1449.3.
B184.3.	D1500.2.5.
B184.3.	D1652.1.9.
B184.3.	E155.5.
B184.3.	F989.8.
B184.3.	H1331.2.
B184.3.	K525.4.
B184.3.	Q482.2.
B184.3.0.1.	F234.1.3.
B184.3.0.1.	F241.3.1.
B184.3.0.2.	F241.0.1.
B184.3.0.3.	D1293.1.
B184.3.0.4.	D136.
B184.3.2.1.	D1980.
B184.3.2.2.	B119.1.
B184.3.2.2.	D477.1.
B184.3.2.3.	D1503.2.
B184.6.	B16.19.
B184.6.	B19.4.3.
B184.6.	D1652.14.
B190.	B250.
B190.	B500.
B190.	B771.1.
B190.	D684.0.1.
B190.	D1611.13.
B190.	D1840.2.
B190.	D1841.3.1.
B190.	D1841.6.1.
B190.	F167.1.
B190.	F241.
B190.	F980.
B190.	H1251.
B191.	B154.
B191.	B120.
B191.	D684.0.1.
B191.	D1711.
B191.3.	D1711.
B192.	B17.1.2.2.
B192.	B182.3.1.
B192.	B187.3.3.
B192.	B330.
B192.	F981.
B192.0.1.	E765.2.
B192.1.	B183.
B192.1.	E0.
B192.1.	E32.
B192.3.	A1111.
B192.3.	B104.
B195.	K0.
B200.	A522.
B200.	B773.
B200.	D682.3.
B200.	F981.
B200.	J1706.
B200.	Q557.
B210.	D1610.
B211.	B200.
B211.0.1.	B11.4.5.
B211.0.1.	N451.
B211.0.1.	B251.1.
B211.1.3.	K366.5.
B211.1.3.	B133.
B211.1.3.	B149.1.
B211.1.3.	B181.
B211.1.3.	B210.1.
B211.1.3.	B401.
B211.1.4.	B183.
B211.1.5.	B211.
B211.1.7.	B134.5.
B211.1.7.1.	B214.
B211.1.8.	B184.
B211.1.8.	B422.
B211.2.2.	B211.
B211.2.2.	B211.
B211.2.2.1.	B211.
B211.2.3.	B211.
B211.2.4.	B211.
B211.2.7.	B211.
B211.2.7.1.	B211.17.
B211.2.7.1.	B80.1.
B211.2.7.1.	B631.2.
B211.3.	A1904.
B211.3.	B122.2.
B211.3.	B131.
B211.3.	B172.
B211.3.	B251.3.
B211.3.	B450.
B211.3.	D2006.1.3.
B211.3.	H1331.1.4.
B211.3.4.	D157.
B211.3.9.	B211.10.
B211.4.1.	B211.
B211.5.	B124.
B211.5.	B130.
B211.5.	B175.
B211.5.	B243.
B211.5.	B470.
B211.5.	D1318.2.1.
B211.6.1.	B211.
B211.7.1.	B493.
B211.7.2.	B211.
B212.0.1.	A1482.1.
B214.1.2.	B211.5.
B215.	B251.1.2.
B215.5.	B176.
B217.	B165.
B217.	H1214.
B217.	J816.1.
B217.	M302.1.
B217.	N547.
B217.	V223.5.
B217.	B165.
B217.	C425.
B217.	D1301.
B217.	D1301.4.
B217.	D1815.
B217.1.	D1793.
B217.1.	D1811.1.
B217.1.1.	B176.
B217.1.2.	D1301.2.
B217.2.	D965.
B217.3.	E373.
B217.4.	D1301.1.
B220.	A2546.
B220.	F127.
B220.	F531.6.2.
B220.	F700.
B221.	Q433.3.
B221.	W128.2.
B221.2.	B241.2.4.
B221.6.1.	D112.
B225.1.	B244.1.
B225.1.	B549.5.
B225.1.	C711.
B225.1.	R152.6.
B225.1.1.	F133.
B232.	B236.
B232.	B238.
B232.	K815.8.
B233.	B236.2.
B233.1.	J671.1.
B233.1.	J2214.6.
B236.	B513.
B236.	B561.
B236.	N451.
B236.	B240.
B236.	P11.
B236.1.	K11.
B236.1.	K25.
B236.1.	B232.
B236.1.	B242.1.2.
B236.2.	B243.
B240.	A2547.
B240.	B236.
B240.	P11.
B240.4.	K1632.
B241.2.2.	J815.1.
B241.2.3.	B184.
B241.2.3.	B342.
B241.2.3.	B871.10.
B241.2.4.	B221.2.
B241.2.5.	M244.1.
B241.2.9.	J951.6.
B242.	C841.2.
B242.1.	K815.8.
B242.1.2.	B236.1.
B242.1.2.1.	P427.
B243.	B236.2.
B243.	B107.
B243.	B124.
B243.	B142.
B243.	B142.1.
B243.	B175.
B243.	B211.11.
B243.	B223.
B243.	B233.
B243.	B236.2.
B243.	B375.
B244.1.	B225.1.
B244.1.	H939.4.1.
B245.1.	J643.1.
B250.	A2221.
B250.	A2231.
B250.	B149.1.2.
B250.	B151.0.1.
B250.	B563.4.
B250.	F171.5.
B250.	Q535.2.
B250.	Q557.
B250.	V35.1.1.
B250.	V331.9.
B251.1.	B211.0.1.
B251.1.	V211.1.
B251.1.2.2.	B215.
B251.2.	B251.
B251.2.1.	B292.5.
B251.2.1.	D2011.1.
B251.2.2.	B175.
B251.2.3.	B279.1.
B251.2.3.	B442.
B251.2.3.	W10.2.
B251.2.4.	B259.5.
B251.2.6.1.	B172.
B251.2.6.1.	B188.
B251.2.6.1.	D1775.
B251.2.9.	B736.
B251.2.10.	D1652.3.
B251.4.	F167.1.
B251.4.1.	B211.17.
B251.4.1.	D1766.10.
B251.5.	B251.
B251.10.	D1775.
B251.10.	V211.1.
B252.	P120.
B252.2.	V48.
B252.3.	A2777.1.
B253.3.	B251.4.
B253.3.	P623.
B253.3.	Q520.
B255.	V221.4.0.1.
B255.	V224.4.
B256.	B292.
B256.	B300.
B256.	B570.
B256.5.1.	B450.
B256.6.	B183.
B256.6.1.	B576.
B256.6.3.	B251.2.3.
B256.11.	B442.
B256.11.	K423.0.1.
B256.12.	B472.
B256.12.	V75.
B256.12.	V462.10.
B257.	Z32.
B259.	B189.1.1.
B259.4.	A2012.1.
B259.4.	V30.
B259.4.	V111.
B259.4.	B259.4.1.
B261.	K2323.1.
B261.1.	K2030.
B262.	K2323.
B264.	D1812.5.0.8.
B266.	F171.4.
B267.	A2493.
B268.	F873.
B268.2.1.	B571.3.
B268.2.1.	H1588.
B268.4.	B421.
B270.	J1172.3.
B270.	J1852.
B270.	P510.
B272.	E573.
B274.	J1172.
B274.	J1130.
B275.	B253.3.
B275.	J1860.
B275.1.	Q411.
B276.	D2089.3.
B276.	Q558.11.
B276.	Q558.14.1.
B278.	B366.
B279.	K2023.
B279.	P312.0.1.
B279.2.	M100.
B280.	Z28.1.
B281.2.	B284.1.1.
B281.5.	B281.4.
B281.9.	B282.4.2.
B281.9.1.	K2324.
B282.5.	B285.1.
B282.11.	A93372.
B282.22.1.	B841.
B282.23.	T91.
B284.1.	B283.1.
B284.2.	B283.1.
B285.1.	B281.8.
B285.2.	B285.1.
B285.3.	B285.1.
B290.	B120.
B290.	B300.
B290.	F826.1.
B290.	F989.
B291.	A165.1.1.
B291.	A1021.2.
B291.	B570.
B291.	E761.7.6.
B291.	F234.2.6.
B291.	F932.5.
B291.	H483.
B291.	J1881.2.2.
B291.	K131.
B291.1.	A165.1.1.
B291.1.	A1021.
B291.1.0.1.	K131.
B291.1.1.1.	B147.1.1.3.
B291.1.2.	B147.1.1.
B291.2.1.	B151.0.5.
B291.2.1.	B181.
B291.2.1.	B401.
B291.3.1.	B253.3.
B291.3.1.	B441.
B291.3.2.1.	K131.
B292.2.	B256.4.
B292.3.	B188.
B292.4.	B188.
B292.4.	B445.
B292.4.	N543.2.
B292.4.1.	B411.2.
B292.5.	B172.
B292.5.	D2011.1.
B292.6.	B184.
B292.6.	E423.1.2.
B292.6.	F531.6.1.3.
B292.6.	F531.8.
B292.6.	G219.7.
B292.6.	G225.3.
B292.6.	G241.1.4.
B292.7.	B548.3.
B292.8.	B576.
B294.1.	B441.
B295.1.	Z32.
B296.	F1025.
B296.	F1025.1.
B296.	J1711.1.
B296.	K1161.
B297.0.1.	B182.
B297.1.	D1275.1.
B297.1.1.	B172.
B297.2.1.	B187.7.
B299.5.	B295.2.
B299.5.3.	B736.
B300.	B350.
B300.	B155.
B300.	B252.1.
B300.	B256.
B300.	B292.
B300.	F601.
B300.	N800.
B301.	B591.
B301.4.1.	B181.7.
B301.4.1.1.	B149.1.2.
B301.4.2.	B736.2.
B301.4.2.	F1041.29.
B301.4.7.	F1041.1.
B301.4.8.	B571.3.
B301.4.8.	K2.
B301.5.	E0.
B301.6.	A969.2.
B301.7.	F1041.1.
B301.8.	F1041.1.
B311.	B142.1.
B311.	B375.1.
B311.	B631.1.
B311.	D857.
B311.	E765.2.
B311.	M369.8.
B311.	P311.4.
B311.	T589.3.
B311.	T589.7.1.
B311.	Z71.5.7.
B312.2.	D851.
B312.3.	N411.1.1.
B313.	B187.0.2.
B313.	D659.4.3.
B313.1.	N810.
B314.	B505.1.
B314.	B640.
B316.	B181.
B316.	D1783.4.
B317.	D1783.4.
B318.	B11.1.2.
B318.	D410.
B322.1.	B542.1.1.
B322.1.	F101.3.
B322.1.	F420.5.3.6.
B322.1.	K521.1.1.
B322.1.	K1861.1.
B325.1.	A673.
B325.1.	B391.
B325.1.	G582.
B325.1.	K671.
B325.1.	K2062.
B330.	B100.1.
B330.	B192.
B330.	C221.2.1.
B330.	C918.
B330.	C935.
B330.	D843.
B330.	D876.
B331.1.	N340.
B331.1.	N345.
B331.2.	B524.1.4.1.
B331.2.	J571.1.
B331.2.	N343.
B331.2.2.	B449.7.1.
B335.	B133.4.
B335.1.	K2213.
B335.2.	D866.2.
B335.2.	H1212.
B335.2.	K961.
B335.2.	S268.1.
B335.2.	S322.4.1.
B335.2.	S322.7.
B335.4.	B131.3.
B335.4.	J551.1.
B335.4.	J1154.1.
B335.4.	K1510.
B336.	W154.
B342.	F405.7.
B360.	B311.
B360.	D1658.
B360.	E341.
B360.	Q10.
B360.	W27.
B360.	B364.
B360.	Q53.
B361.	K735.
B361.	W154.8.
B363.	B545.
B366.	B278.
B371.1.	B363.
B371.1.	Q55.
B375.1.	B243.
B375.1.	C773.1.2.
B375.1.	B175.
B375.1.	B211.11.
B375.1.	B470.
B375.1.	B505.
B375.1.	B527.1.
B375.1.	T511.5.1.
B375.9.	B375.10.
B376.	B380.
B381.	B525.
B382.	W154.3.
B384.	D1500.1.8.1.
B388.	N647.
B390.	B11.6.1.
B391.	B335.1.
B391.1.	B325.1.
B391.1.	Q45.
B391.1.	B765.6.
B394.	J512.11.
B394.	U147.
B394.	B411.
B401.	B133.
B401.	B149.1.
B401.	B151.
B401.	B181.
B401.	B211.
B401.1.	B181.3.
B402.	B102.
B411.	B182.
B411.	B182.1.
B411.	B394.
B411.	B535.0.1.
B411.1.	B182.3.1.
B411.1.	B182.
B182.2.	X1237.2.
B412.	B189.1.
B412.	D1652.14.
B414.	B562.1.1.
B414.1.	B183.
B414.1.	B256.6.
B421.	B524.1.
B421.	B268.2.1.
B421.	B524.1.
B421.	A35.
B421.	B121.
B421.	B134.
B421.	B153.
B421.	B211.7.
B421.	B521.3.1.
B421.	B524.1.1.
B422.	B184.
B422.	B211.8.
B422.	K722.
B431.2.	B549.1.
B433.1.	B292.7.
B433.1.	B548.3.
B433.4.	B311.2.1.
B435.1.	B144.
B435.1.	B253.3.
B435.1.	B259.5.
B435.1.	B291.3.1.
B435.1.	B294.
B435.1.	B514.1.
B435.1.	B541.2.
B435.1.	B651.1.
B435.2.	B563.4.1.
B435.3.	B535.
B437.1.	K1182.
B437.1.1.	B535.0.2.
B437.2.	J426.1.
B437.2.	K632.
B437.3.	B563.3.
B437.3.	H1121.
B443.1.	B188.
B443.1.	B292.4.
B443.7.	B557.2.
B449.2.	B449.
B450.	A34.
B450.	A165.1.1.
B450.	A1021.2.
B450.	B101.
B450.	B141.
B450.	B172.
B450.	B256.5.1.
B450.	B523.
B450.	B538.1.
B450.	B541.3.
B450.	B552.
B451.3.	A1348.1.
B451.3.	B259.5.
B451.5.	B147.1.2.1.
B451.5.	B291.1.1.
B455.2.	B172.5.
B455.3.	B322.1.
B455.3.	B522.4.
B455.3.	B542.1.1.
B457.1.	B362.
B457.1.	A2221.7.
B457.1.	E754.2.1.
B457.1.	V231.1.
B463.3.	Q557.6.
B463.3.	R246.
B469.2.	D361.1.
B469.2.	H411.17.
B469.3.	K1816.5.1.
B469.3.1.	B469.
B469.10.	K1591.
B470.	B375.
B470.	B107.
B470.	B124.
B470.	B142.
B470.	B175.
B470.	B211.11.
B470.	B243.
B470.	B375.1.
B470.	B548.
B470.	B551.
B472.	R245.
B472.	V462.10.
B474.	B175.1.
B481.1.	B362.
B481.1.	H1091.
B481.3.1.	A33.
B481.3.1.	B259.4.
B483.1.	A2221.2.1.
B483.1.	B251.7.
B483.1.	B259.5.
B483.1.	H322.
B484.1.	B489.
B491.1.	A2145.
B491.1.	B108.6.
B491.1.	B123.
B491.1.	B161.
B491.1.	B165.1.
B491.1.	B176.
B491.1.	B217.1.1.
B491.1.	B511.1.
B491.1.	B524.3.
B491.1.	S222.2.
B493.1.	B211.12.
B493.1.	B375.2.
B498.1.	B11.
B500.	D684.
B500.	B109.1.2.
B500.	D810.
B500.	D1720.
B500.	D1834.
B500.	F405.5.
B500.	F980.
B501.	D532.
B501.	D1021.
B501.	D1023.
B501.	D1421.
B501.	D2074.1.
B501.1.	D1011.1.
B501.1.	D1421.5.1.
B501.1.	D2074.1.1.
B501.2.	D1273.
B501.2.	H12.
B505.	B375.1.
B505.	D810.
B505.	J130.
B505.2.	B314.
B505.2.	B560.
B505.3.	B470.
B510.	D1342.
B510.	D1500.
B510.	D2161.
B510.	F950.
B511.1.	B491.1.
B511.2.	B183.
B511.2.1.	B183.9.
B511.3.	D1364.2.
B511.3.	D1978.3.
B512.	B491.
B512.	D955.
B512.	D965.
B512.	D1500.1.18.
B512.	D1505.5.
B512.	E80.
B512.	E105.
B512.	E181.
B512.	N452.
B512.	W154.8.
B513.	B235.
B513.	B235.
B513.	B561.
B514.1.	B441.
B515.	D1317.0.1.
B515.	D1383.
B515.	D1515.
B515.	E0.
B520.	B540.
B520.	D699.1.
B520.	K528.1.
B520.	K640.
B520.	K645.
B520.	K2351.
B520.	R243.
B521.	B140.
B521.	R243.
B521.1.1.	B131.5.
B521.1.1.	D1317.0.
B521.1.1.	D1383.
B521.1.1.	D1515.
B521.3.	B133.1.
B521.3.	B141.1.
B521.3.	D1317.
B521.3.1.	G250.
B521.3.2.	B576.1.
B522.	J1130.
B522.1.	W154.8.
B522.3.	N352.
B522.3.	B443.
B522.3.	D1714.
B522.3.	F980.
B522.3.	H413.
B522.3.	K2110.
B522.4.	B552.
B522.4.	R122.
B522.4.	R131.
B523.	B521.3.4.
B523.	D1393.
B523.	R246.
B523.1.	A2221.5.
B523.2.	B472.
B524.	D2156.8.1.
B524.	H1588.
B524.1.	B17.
B524.1.	B187.3.3.
B524.1.	B776.1.
B524.1.1.	B11.11.
B524.1.1.	B11.11.2.
B524.1.1.	B187.
B524.1.1.	G275.2.
B524.1.2.	B421.
B524.1.2.	G275.2.
B524.1.2.	R251.
B524.1.4.1.	B331.2.
B524.2.	K427.
B524.2.	K722.
B524.2.1.	K2351.2.
B524.2.1.1.	V229.8.
B524.4.	B172.
B524.4.	S12.
B525.	B381.
B526.	D1382.
B526.	D1841.
B526.1.	D1391.1.
B526.1.	J1180.
B527.1.	F1088.3.2.
B527.1.	B375.1.
B527.1.	A1028.
B527.2.	A1020.
B527.2.	A2145.2.
B530.	B19.2.
B530.	B115.
B535.	A511.10.2.1.
B535.	B259.11.1.
B535.	B331.2.
B535.	B524.1.4.
B535.	F611.2.1.
B535.	L111.2.4.
B535.	L111.7.
B535.	N215.
B535.	R13.0.1.
B535.	R131.
B535.	S352.
B535.	T611.
B535.	T611.10.1.
B535.	T670.
B535.0.4.	B421.
B535.1.	B19.7.
B535.2.	J391.
B537.	N831.1.
B538.1.	B450.
B540.	D1390.
B540.	R150.
B540.1.	D532.
B540.1.	F1021.1.
B541.	F1088.3.2.
B541.1.	B551.
B541.1.	B175.1.
B541.1.	B551.1.
B541.1.	F911.3.2.
B541.1.	R245.
B541.2.	B441.
B541.2.	E341.
B541.3.	B450.
B541.5.	B470.
B542.1.	B552.
B542.1.	X1133.5.
B542.1.1.	B322.1.
B542.1.1.	B451.
B542.1.1.	B522.
B542.1.1.	B522.4.
B542.1.1.	D659.4.3.
B542.1.1.	F101.3.
B542.1.1.	K521.1.1.
B542.1.1.	K1861.1.
B542.2.	B41.2.
B542.2.1.	B42.
B543.0.1.	H1385.3.
B543.3.	B535.
B543.3.	R131.
B544.	B437.
B544.	G552.
B544.	R100.
B544.	R121.4.
B545.	B363.
B545.	K1182.
B547.2.	B542.
B547.4.	B225.1.
B547.4.	B493.
B548.	A941.5.4.
B548.	D882.
B548.	D882.1.
B548.1.1.	D882.
B548.1.1.	D882.1.
B548.1.1.	D1076.
B548.2.1.	L412.1.
B548.2.1.	A2275.5.4.
B548.2.1.	B107.
B548.2.1.	B571.
B548.2.1.	H1132.1.
B548.2.1.	N211.1.
B548.2.1.	N211.1.0.1.
B548.2.2.	H1132.2.
B548.2.4.	H1132.4.
B549.1.	B443.
B549.2.	B11.
B549.3.	R131.
B549.3.	R150.
B550.	F213.3.
B550.	F982.
B550.	R13.
B550.	V462.10.
B551.1.	B541.
B551.1.	R246.
B551.1.	B175.1.
B551.1.	B541.1.
B551.1.	F420.5.3.6.
B551.1.	F911.3.2.
B551.1.	M205.1.1.
B551.1.	R245.
B551.4.	S222.2.
B552.	B542.
B552.	B542.1.1.
B552.	B31.1.
B552.	B41.2.
B552.	B45.
B552.	B450.
B552.	B522.4.
B552.	B582.2.1.
B552.	D1532.
B552.	E754.2.1.
B552.	F62.
B552.	F531.6.3.
B552.	F1021.
B552.	K1861.1.
B552.1.	F1021.2.2.
B555.	R246.
B556.	B256.12.
B557.	A136.
B557.	F535.1.1.6.
B557.	F989.4.
B557.	G241.1.
B557.	J2132.4.
B557.	K1241.
B557.10.	G241.1.7.
B557.11.2.	B45.
B558.	A136.
B558.	B256.
B558.	B292.
B558.4.	B188.
B558.4.	B256.
B558.4.	B292.
B558.4.	B443.1.
B558.7.	B91.4.
B558.7.	F911.3.2.
B560.	B130.
B560.	B131.
B560.	B133.
B560.	B133.1.
B560.	B140.
B560.	B141.1.
B560.	B521.3.
B560.	D1312.
B560.	D1814.
B560.	J150.
B562.1.	B235.
B562.1.	B513.
B562.1.	B581.
B562.1.	B581.
B562.1.	B583.
B562.1.	N530.
B562.1.1.	B183.
B562.1.1.	B414.
B563.	B153.2.
B563.1.	B431.2.
B563.1.	B549.2.
B563.1.	D1313.
B563.2.	B151.0.3.
B563.2.	B151.0.3.1.
B563.2.	B172.6.
B563.4.	B549.
B563.4.	B155.
B563.4.	B256.
B563.4.1.	B549.
B563.4.1.	R130.
B563.4.1.1.	B444.
B563.4.1.1.	C221.2.1.
B570.	A34.
B570.	B256.
B570.	B292.
B570.	K2.
B571.	B292.
B571.	B548.2.1.
B571.	B563.8.
B571.	H561.
B571.	H970.
B571.	H982.
B571.	H1091.1.
B571.	H1091.2.
B571.	H1092.1.
B571.	H1093.
B571.	H1121.
B571.	H1233.
B571.2.	L147.1.
B571.3.	B268.2.1.
B571.3.	B301.4.8.
B571.3.	K2351.
B575.1.	A165.0.1.
B575.1.	B122.2.
B575.1.	E501.4.4.
B575.1.	B843.
B575.1.	F368.
B575.1.	K133.
B575.1.	K1725.
B576.	D950.0.1.
B576.	F152.0.1.
B576.1.	B256.6.1.
B576.1.	B521.3.
B576.1.	D950.0.1.
B576.1.	D1380.16.
B576.1.	F152.0.1.
B576.1.	F771.5.1.
B576.1.	K1591.
B576.2.	B11.6.2.
B576.2.	B292.8.
B576.2.	N570.
B576.2.	N577.
B580.	B160.
B580.	B165.
B580.	B291.
B580.	H151.2.
B580.	K1952.1.
B580.	K1954.1.
B581.	B562.1.
B581.	K366.
B582.	K1917.3.
B582.	T66.1.
B582.1.1.	N411.1.1.
B582.1.1.1.	D1960.3.
B582.2.1.	B552.
B583.	B562.1.
B583.1.	B100.
B587.2.	H310.
B590.	A34.
B590.	A165.1.1.
B590.	A165.1.2.
B590.	A812.
B590.	A1021.2.
B590.	A1415.2.
B590.	A2221.2.1.
B590.	B292.
B591.	B301.2.
B591.	Q211.
B591.	Q557.
B592.	A1321.
B593.	A411.
B593.	F480.
B594.	D1338.
B594.	D1880.
B597.	B109.4.3.
B597.	B182.
B597.	D1652.3.
B598.	K1591.
B599.2.	H162.
B600.	B81.2.
B600.	D658.1.
B600.	T91.
B600.	T110.
B600.	T465.
B600.	T554.
B601.1.	B611.
B601.1.	B635.
B601.1.1.	K1911.1.6.
B601.2.	B611.
B601.2.	B641.1.
B601.2.	B635.4.
B601.8.	D733.2.
B601.10.	B611.5.
B602.	B644.
B603.	B612.
B604.	B622.
B604.	B652.
B604.	B613.1.
B604.1.	R111.1.5.
B610.1.	C841.2.
B610.1.	T118.
B610.1.	T465.
B611.	B601.
B611.1.	B601.1.
B611.1.	B635.
B611.2.	T511.0.2.
B611.2.	B601.
B611.2.	B642.
B611.3.1.	B71.
B611.3.1.	B634.1.
B612.	B603.
B613.	B604.
B613.1.	B604.1.
B614.	D641.1.
B620.	D641.1.
B620.1.	H188.
B620.1.	S215.1.
B620.1.	S221.1.
B620.1.	S222.
B620.1.	S232.
B620.1.	S247.
B620.1.	T68.
B621.1.	B601.
B621.1.	B611.
B621.1.	B635.1.
B621.1.	B314.
B621.2.	J642.1.
B630.	A1224.
B630.	B2.
B630.	B23.1.
B630.	B81.2.1.
B631.	F611.1.5.
B631.	F611.1.6.
B631.0.1.	A511.10.1.
B631.2.	B80.1.
B631.2.	B81.2.1.
B631.5.	T531.
B631.5.	P311.3.
B632.	T554.
B634.	T550.
B634.1.	B71.
B635.1.	B601.1.
B635.1.	F611.1.1.
B635.1.1.	B611.1.
B635.1.1.	D1017.
B635.1.1.	D1032.
B635.1.1.	D1352.
B635.3.	A511.10.1.
B635.3.	D114.1.1.
B635.3.1.	D1775.
B635.4.1.	B25.
B635.4.1.	T611.10.
B640.	B505.1.
B640.	B314.
B640.	D734.
B640.1.	D621.
B640.1.	D621.
B640.1.	C32.
B640.1.	D621.1.
B640.1.	T111.
B640.1.	T113.
B640.1.	T117.5.1.
B641.	B651.
B641.1.	B635.
B641.1.	D141.
B641.1.	B635.4.
B641.2.	D114.1.
B641.2.	B611.5.
B641.3.	B611.
B641.3.	D133.
B641.3.	T111.1.
B641.3.	B611.4.
B641.3.	D658.1.
B641.4.	D132.1.
B642.	D150.
B645.2.	D194.
B646.	B652.
B646.1.	D191.
B650.1.	C31.
B650.1.	C35.
B650.1.	C35.1.
B650.1.	D300.
B650.1.	K1822.
B651.	B641.
B651.1.	C35.1.
B651.1.	N831.1.
B652.1.	D361.1.
B652.1.	D361.1.
B652.1.	T56.3.
B654.	B612.0.
B656.	B642.
B700.	A2200.
B700.	B15.
B700.	F980.
B700.	H1186.
B700.	T591.1.2.
B710.	A1700.
B710.	B12.1.
B710.	B16.14.1.
B710.	B19.3.
B710.	T573.0.1.
B712.	B95.
B713.1.	A2001.
B713.2.	A1853.2.
B714.	T551.8.
B715.	A1245.4.
B715.	B19.2.1.
B717.	A401.
B720.	B15.
B720.	B15.1.2.
B720.	B15.2.
B720.	B15.3.1.
B720.	B15.4.
B720.	B15.6.
B720.	B110.
B720.	D1010.
B721.	B15.4.
B721.	B19.4.
B721.	D1645.
B721.	F541.1.
B722.	B108.2.
B722.	D992.
B722.	D1071.
B722.1.	D1355.
B722.3.	B108.2.
B722.3.	D1645.1.
B731.	B15.7.3.
B731.	F527.
B731.	F985.
B731.2.1.	F233.1.
B731.2.1.	F233.3.
B731.2.1.	F241.1.
B731.4.1.	B182.0.1.
B731.4.1.	C316.1.
B731.4.1.	D1515.3.
B731.4.1.	Q153.1.
B731.4.2.	D1500.1.38.
B731.4.2.	F241.2.1.2.
B731.6.0.1.	F241.6.
B731.7.	F234.1.4.
B731.7.1.	B106.1.1.
B731.7.2.	M314.1.
B733.	B120.
B733.	B147.
B733.	E421.1.2.
B736.1.	D1505.5.1.
B736.1.	B259.10.
B736.1.	B303.1.
B736.2.	B149.2.
B736.2.	B301.4.2.
B736.2.	F1041.29.
B741.	B11.12.2.
B741.1.	B182.2.
B741.2.	H572.
B742.	B15.5.
B742.	B11.2.11.
B742.	B14.1.
B742.	B19.1.
B742.	E501.4.2.4.
B750.	D631.2.
B750.	T589.6.1.
B751.	B725.
B751.2.	D1889.3.
B752.1.	N651.
B754.0.1.	B182.2.0.1.
B754.3.	Q551.3.
B754.4.	A1021.1.
B754.4.	A2211.
B754.6.	A2236.5.
B754.7.	T540.
B755.	J2272.1.
B755.	K494.
B758.	B32.1.
B758.	D1881.
B765.	B91.
B765.	B751.
B765.	B752.2.
B765.1.	X1321.3.1.
B765.2.	B112.
B765.5.	B784.
B765.6.	B391.1.
B765.11.	F970.
B765.11.	X1205.1.
B766.1.1.	E731.3.
B766.1.1.	G262.1.
B766.1.1.	E731.3.
B771.0.1.	B522.3.
B771.1.	B851.
B771.1.	H413.4.
B771.1.	L300.
B771.1.	T300.
B771.2.	A2434.2.3.
B771.2.	B256.
B771.2.	D1713.
B771.2.	D2156.
B771.2.1.	B848.
B771.2.2.	D1766.1.
B773.	B200.
B773.	B250.
B773.	B736.
B773.	F989.8.
B773.	M414.8.
B776.0.1.	B11.6.4.1.
B776.0.1.	B16.
B776.0.1.	B17.
B776.0.1.	F582.3.
B776.0.1.	S111.
B776.1.	B16.19.
B776.1.	B17.1.1.
B776.2.	B776.5.1.
B776.2.	K2116.3.
B776.3.1.	A673.1.
B776.3.1.	B16.18.
B776.3.1.	B17.1.2.
B776.3.1.	B187.
B776.3.1.	B871.1.7.
B776.4.2.	B16.4.
B776.4.2.	B871.2.
B776.5.	B11.2.13.1.
B776.5.3.	B776.7.
B776.7.	B776.5.3.
B781.	D2168.1.
B784.2.1.	J1115.2.
B784.2.1.	F582.
B784.2.1.	F950.
B784.2.1.	G274.1.
B785.	B524.
B802.	B41.
B802.	B41.
B802.	B149.
B802.	B811.1.
B802.	A132.3.
B802.	F343.9.1.
B802.	K2383.
B802.	Q589.1.
B811.	A132.
B811.	A155.
B811.	B11.10.0.1.
B811.	B100.
B811.	C65.
B811.	C92.
B811.	Q228.
B811.	V1.8.
B811.	V10.
B811.	V134.3.
B811.1.	B802.
B811.1.	A132.3.
B811.1.	B181.
B811.3.	C2211.1.1.1.
B841.	A1881.0.1.
B841.	A1904.
B841.	B37.
B841.	B124.1.
B841.	D1345.
B841.	D1857.
B841.1.	F571.2.
B843.	B37.
B843.	D1850.
B845.	B575.1.
B845.	D1444.
B845.	H1112.
B845.	H1154.
B845.2.	B172.7.
B846.	B549.3.
B848.	B771.2.1.
B848.1.	K551.3.1.
B848.2.	B767.
B848.2.	B771.
B852.	B182.
B857.	N261.
B857.	Q211.6.
B870.	B16.
B870.	B16.
B870.	B15.7.
B870.	B11.2.12.
B870.	B15.3.3.
B870.	B31.
B870.	B81.2.4.
B870.	F234.1.0.1.
B870.	F531.
B870.	F989.11.
B871.1.1.1.	A1791.
B871.1.1.1.	B182.2.
B871.1.1.1.1.	F343.16.
B871.1.1.3.	G357.1.
B871.1.2.0.1.	B164.
B871.1.2.1.1.	F343.16.
B871.1.6.	B161.
B871.2.7.	B16.21.
B873.	B16.7.
B873.1.	F983.2.
B873.1.	F983.2.
B873.1.	H522.1.
B874.	B11.2.1.3.
B874.	B60.
B874.2.	B15.7.12.
B874.3.1.	B107.6.
B874.3.2.	B81.2.4.
B875.1.	A876.
B875.1.	B11.
B875.1.	B61.
B875.1.	B91.5.
B875.1.	D449.7.
B875.1.	G308.
B875.1.	X1321.1.
B877.1.	B16.9.
B877.1.	B61.
B877.1.	B91.5.
B877.1.	G308.
B877.1.2.	B11.11.
C0.	A2231.
C0.	C13.1.
C0.	C501.
C0.	F348.
C10.	C432.
C10.	E380.1.
C10.	F301.1.1.
C10.1.	E380.1.
C10.1.	P427.
C10.1.	V350.
C11.	K2065.
C12.	D2141.0.2.
C12.	M219.1.
C12.2.	M215.
C12.4.	K1500.
C12.4.	T230.
C12.4.1.	D1761.
C12.4.1.	S211.
C12.5.1.	G303.23.
C12.5.1.	K485.
C12.5.1.	K2213.4.2.
C12.5.3.	Q386.1.
C12.5.7.	M432.
C13.	C954.
C13.	E238.
C13.	E235.5.
C15.	C26.
C15.	F301.1.1.1.
C15.1.	A762.1.
C15.1.	F15.
C15.1.	T111.2.
C15.1.1.	T111.2.
C25.1.	J2066.5.
C25.1.	S211.
C26.	C15.
C26.	N201.
C31.1.	C435.1.
C31.1.	C932.
C31.1.	C942.
C31.1.	C952.
C31.1.	F302.3.3.
C31.1.	F302.6.
C31.1.	P210.
C31.1.	T111.
C31.1.	C300.
C31.1.2.	B81.2.
C31.1.2.	D361.1.
C31.1.2.	F302.2.
C31.1.2.	G245.1.
C31.1.3.	C312.1.1.
C31.1.3.	C942.3.
C31.1.4.	C151.
C31.2.	C33.
C31.2.	C35.1.
C31.2.	C440.
C31.2.	C952.
C31.6.	C453.
C31.6.	M55.
C31.6.	D2074.2.3.1.
C31.10.	D361.1.
C31.10.	F302.4.2.
C31.10.	K1335.
C32.	C36.
C32.	B640.1.
C32.	C121.
C32.	C421.
C32.	T111.
C32.	T200.
C32.1.	C421.
C32.1.	C757.1.
C32.1.	C761.2.
C32.1.	C310.
C32.1.	C313.1.1.
C32.1.	C916.1.
C32.1.1.	D512.2.
C32.1.2.	C413.
C32.2.1.	C430.
C32.2.2.	C421.
C33.1.	C31.
C33.1.	C35.1.
C33.1.	C440.
C33.1.	T540.
C33.1.	T646.
C35.	B650.
C35.1.	C31.
C35.1.	C33.1.
C35.1.	B651.1.
C35.1.	B655.1.
C35.1.	C440.
C36.1.	C841.3.
C40.	J755.1.
C41.	C918.
C41.	E511.1.3.
C41.	F420.
C41.	G424.
C41.	D1432.1.
C41.2.	G423.
C41.3.	S264.1.
C41.3.	T211.1.1.
C42.	F460.
C43.	C51.2.
C43.	F441.
C43.3.	D1602.2.
C46.	F360.
C50.	A1346.1.
C50.	C311.1.
C50.	Q457.1.
C50.	V1.
C50.1.	N111.
C51.	C916.2.
C51.1.	B596.
C51.1.	C93.
C51.1.	Q222.
C51.1.	Q551.3.
C51.1.	Q558.18.
C51.1.	R325.
C51.1.	V110.
C51.1.	V113.
C51.1.2.	C51.2.
C51.1.5.	C752.1.5.
C51.1.5.	Q552.2.3.
C51.1.6.	C943.
C51.1.6.	Q221.
C51.1.6.	V111.
C51.1.7.	C300.
C51.1.9.	C300.
C51.1.10.	C51.1.2.
C51.1.10.	C181.
C51.2.	C51.1.2.
C51.2.	D1713.
C51.2.	V224.3.
C51.2.2.	C43.
C51.2.2.	V1.1.1.
C51.2.2.	V114.
C51.2.2.1.	C241.
C51.3.	C431.
C51.3.	C921.
C51.4.1.	C420.
C51.4.3.	C311.1.2.
C51.4.3.	F361.3.1.
C52.	C312.1.1.
C52.	C921.
C53.1.	A1403.
C53.2.	Q330.
C54.	C770.
C55.	C940.1.
C55.	D2064.1.
C55.	H1292.4.1.
C55.	V34.2.
C55.3.	B259.4.
C55.3.	D1031.1.1.
C55.3.	Q222.1.
C57.1.	Q223.3.
C57.1.1.	D1766.2.
C57.1.1.	K171.3.1.
C58.	A2231.3.
C58.	C631.
C58.	C886.
C58.	E501.3.6.
C58.	V71.
C62.	V120.
C68.	M100.
C91.	C51.2.
C91.	C51.
C91.	C51.2.
C91.	Q212.
C91.1.	D1431.
C91.1.	J1873.2.
C91.1.	R261.
C91.2.	C262.3.
C92.	B811.
C92.1.0.1.	C57.1.
C92.1.0.1.	V10.
C92.1.1.	A165.0.1.
C92.1.1.	B122.2.
C92.1.2.	N361.1.
C92.1.4.	C841.1.
C92.1.4.	N250.1.
C92.1.5.	A132.6.2.
C92.1.5.	A485.1.
C92.1.5.	B147.1.1.1.
C92.2.	B11.
C93.	C51.1.
C93.	C116.
C93.	C752.1.5.
C93.	H1292.4.
C93.	Q222.
C93.	V100.
C93.	V110.
C93.	V114.
C93.3.	C523.
C94.	Q220.
C94.1.	A2231.1.
C94.1.	A2721.3.
C94.1.	C31.4.2.
C94.1.	F481.1.
C94.1.1.	D2061.1.2.
C94.1.1.	D2174.
C94.1.1.	E493.
C94.1.1.	M400.
C94.1.1.	Q220.
C94.1.1.	Q500.
C94.2.	M101.3.
C94.4.	C51.3.1.
C94.7.	C180.
C95.	V84.
C99.1.	T521.
C100.	Q240.
C100.	T300.
C101.	A1152.
C101.	F529.7.
C101.	T462.
C101.	T550.
C110.	C142.
C110.	C566.
C110.	E411.2.
C110.	F304.2.
C110.	H1472.
C110.	M130.
C110.	N553.1.
C110.	Q243.
C110.	Q535.3.
C110.	T400.
C111.	D1837.
C111.	T300.
C112.	C122.
C112.	F300.
C112.	T11.
C112.	T118.
C112.	T539.3.
C113.	B600.
C113.	T460.
C114.	A1018.
C114.	T410.
C114.	Q242.
C114.1.	C312.
C115.	Q241.
C116.	Q551.3.
C116.	C93.
C117.	C751.2.
C117.	T151.
C117.	T165.
C117.	T350.
C118.	C885.2.
C118.	T471.
C119.1.2.	C631.
C119.2.	T281.
C120.	D2003.
C120.	D735.
C120.	D1794.
C120.	D2003.
C121.	C32.
C122.	C112.
C122.	F302.3.4.1.
C143.	C110.
C143.	C240.
C145.	C500.
C150.	C531.1.
C151.	C31.1.4.
C151.	T580.
C152.	T570.
C152.2.	C871.
C152.2.	T571.
C152.3.	C200.
C160.	C566.4.
C160.	C751.2.
C160.	T131.
C162.	C567.
C162.1.1.	F303.
C165.	P312.
C165.	T410.
C165.	T61.1.
C168.1.	D1812.3.3.
C168.1.	T311.0.1.
C170.	C435.1.
C170.	P282.3.
C180.	C550.
C181.	C229.2.
C181.	C313.1.
C181.	C566.3.
C181.	C619.4.
C181.	D1982.1.
C181.1.	C500.
C181.2.	C229.2.
C181.3.	C835.2.
C182.	C312.
C182.	C565.
C182.	C686.1.
C182.	C867.
C182.	J21.22.
C182.	N134.1.
C190.	C31.5.
C190.	C435.
C190.	C453.
C191.	A180.
C192.	C567.
C192.	T55.
C193.	C111.
C194.	C610.
C195.	J21.22.
C195.	T453.
C196.	C567.
C196.	P40.
C200.	D550.
C200.	D1365.3.
C200.	D1766.8.
C200.	D1766.8.1.
C200.	P623.
C200.	V462.2.
C211.	C262.
C211.	C710.
C211.1.	C242.
C211.1.	C661.
C211.1.	C712.1.
C211.1.	F210.
C211.1.	F378.
C211.1.	F384.1.2.
C211.2.	C225.1.
C211.3.2.	F243.0.1.
C220.	A1517.
C220.	C152.3.
C220.	C569.2.
C221.	C235.
C221.1.1.1.3.	V811.3.
C221.1.1.2.	C756.4.
C221.1.1.2.	Q499.6.
C221.1.1.3.	V200.
C221.1.2.3.	C549.
C221.2.	C848.
C221.2.	B2.
C221.2.	C92.
C221.2.	C841.7.
C221.2.	C847.
C221.2.1.	B330.
C221.2.1.	B549.6.
C221.3.1.	C229.2.
C221.3.2.	E32.
C221.3.4.1.	C229.
C225.	A1331.1.
C225.	C621.
C225.1.	C211.2.
C229.2.	C221.3.1.
C229.2.	C181.
C229.2.	C933.
C230.	C755.
C231.	M151.
C235.	C221.
C240.	C143.
C241.	A153.
C241.	C211.1.
C243.	D243.1.
C246.	C569.2.
C250.	D550.
C250.	D1365.2.
C261.	C623.
C261.	V134.
C262.	C211.
C262.	C712.1.
C263.	C755.
C270.	V383.2.
C272.	C251.
C272.2.	C755.
C273.1.	C755.
C281.	S139.2.2.1.1.
C282.	C744.
C282.	P320.
C282.	P634.
C282.	Q1.
C282.1.	C874.
C287.	C564.1.
C287.	M151.
C287.	W213.
C288.	J1512.1.
C300.	D2121.2.
C300.	E251.1.1.
C311.	D513.1.
C311.	C31.1.
C311.	C32.1.
C311.	C51.4.2.
C311.1.1.	E561.1.
C311.1.2.	C51.4.3.
C311.1.2.	F200.
C311.1.2.	F348.5.
C311.1.2.	F361.3.
C311.1.3.	F460.
C311.1.4.	D113.1.1.
C311.1.5.	N810.
C311.1.6.	G100.
C311.1.8.1.	E452.
C312.	C114.1.
C312.	F1041.32.
C312.1.	A1383.3.
C312.1.	C942.3.
C312.1.	F1041.32.1.
C312.1.	K774.
C312.1.	T55.6.
C312.1.1.	C31.1.3.
C312.1.1.	C52.
C312.1.1.	C943.
C312.1.1.	Q221.
C312.1.1.	Q415.1.1.
C312.1.2.	M235.
C312.2.1.	P40.
C313.1.1.	F647.4.
C313.1.1.	F1041.32.2.
C315.	C51.1.
C315.	C93.
C315.2.2.1.	C756.
C315.2.2.1.	M300.
C315.4.	C261.
C315.4.	F933.7.
C316.1.	B731.4.1.
C316.1.	B731.4.2.
C319.2.	Q227.4.
C321.	C915.1.
C321.	C915.1.1.
C321.	C922.
C321.	N113.
C322.	C757.
C322.	A2003.
C322.1.	A1174.1.
C323.	D1472.1.17.
C324.	H1554.1.
C324.1.	D1470.1.4.
C325.	E755.2.1.
C325.	Q561.2.
C330.	A2234.3.
C331.	C312.1.1.
C331.	C875.
C331.	C943.1.
C331.	C953.
C331.	C961.1.
C331.	C961.2.
C331.	F81.1.
C331.2.	F81.1.
C334.	E400.
C400.	D1741.3.
C400.	E251.1.1.
C400.	E545.0.2.
C400.	H1199.3.
C400.	Q451.3.
C401.	C755.
C401.	D758.
C401.	D2020.
C401.	Q451.3.
C401.	Q535.1.
C401.1.	H1451.
C401.3.	N553.2.
C401.4.	V115.1.3.1.
C401.4.	V115.1.3.1.
C402.	C756.
C402.1.	C560.
C402.1.	C563.
C405.	E545.0.2.
C410.	C651.
C411.	C423.
C411.	C491.
C411.	C651.
C411.	J21.6.
C413.	C32.1.2.
C413.	C710.
C413.	F81.
C420.	C31.9.
C420.	C820.
C420.	F511.2.2.
C420.	H13.
C420.	J21.22.
C420.	K975.
C420.	K976.
C420.	N440.
C420.	Q62.
C420.	Q340.
C420.	T252.3.
C420.2.	H1558.
C421.	C31.9.
C421.	C32.
C421.	C32.1.
C421.	C757.1.
C421.	C761.2.
C422.	C51.3.
C422.	C432.
C422.1.	B11.11.
C422.1.	K1933.
C423.2.	C491.
C423.3.	C31.
C423.3.	F370.
C424.	N131.
C425.	B217.
C425.	M295.1.
C425.	N456.
C425.	T252.3.
C430.	C31.
C430.	C32.2.1.
C432.	A138.
C432.	C31.
C432.	C51.3.
C432.	Q221.
C432.	C10.
C432.	C21.
C432.1.	E443.3.
C432.1.	F381.1.
C432.1.	H521.
C432.1.	N475.
C435.1.	C190.
C435.1.	D511.1.
C435.1.1.	C31.
C435.1.1.1.	F901.2.
C436.	N731.2.
C437.	C600.
C440.	C31.2.
C440.	C33.1.
C440.	C35.1.
C440.	C963.
C441.	C31.
C441.	C33.
C441.	C35.1.
C441.	B600.
C450.	H1215.
C450.	L400.
C450.	Q330.
C450.	Q433.12.
C450.	T295.
C452.	C961.2.
C453.	C31.5.
C460.	H1194.
C460.	V462.7.
C480.1.1.	C896.
C482.1.	C710.
C491.	C423.2.
C491.	D512.1.
C492.	C745.
C493.1.	N131.
C494.	M400.
C495.	J1156.
C495.2.1.	J2511.2.
C495.2.2.	M175.
C497.	E400.
C498.	C600.
C500.	A1731.
C500.	C32.4.
C500.	C145.
C500.	C181.1.
C500.	C855.2.
C500.	C916.2.
C500.	D565.
C500.	M172.
C501.	P14.7.
C510.	D950.
C510.	V1.1.1.
C511.	D955.
C515.	D515.
C515.	F301.1.1.2.
C515.	T532.1.
C516.	C520.
C516.	F301.1.1.3.
C516.	F320.
C517.	F301.1.1.4.
C518.1.	C920.
C518.2.	C920.
C520.	C516.
C521.	F378.1.
C523.	C522.
C523.	C93.3.
C523.	F56.1.
C523.2.	F261.1.
C524.	F378.1.
C531.	E415.1.1.
C531.	F384.3.
C531.	F408.1.
C531.	Z312.2.
C531.1.	C150.
C532.	D877.1.
C533.1.	D1174.
C535.	C55.
C535.	C851.
C541.	C319.2.
C542.	C710.
C542.	F0.
C542.	F378.
C542.1.	E391.
C542.1.	E721.7.
C542.1.	F81.
C542.1.	V522.
C549.2.	E502.
C551.1.	C220.
C561.1.	P170.
C563.	C402.1.
C563.	C735.2.3.
C563.	P10.
C563.	P19.4.
C563.	P29.1.
C563.	T131.7.
C563.2.	A128.4.
C563.2.	C57.1.
C563.2.	P16.2.
C563.3.	A1101.1.1.
C563.3.	Q552.3.
C564.1.	C287.
C564.1.	P14.14.
C565.	C735.1.1.
C565.	C835.1.
C565.	C871.0.1.
C565.	C891.2.
C565.	P642.
C566.	Z200.
C566.3.	C180.
C566.4.	C160.
C566.6.	C110.
C567.	P40.
C567.1.	C100.
C567.1.	C192.
C567.1.	T131.
C568.1.	P427.7.2.
C600.	A1331.
C600.	C498.
C600.	C868.
C600.	Z300.
C610.	C194.
C610.	C751.7.1.
C610.	C755.4.
C610.	C853.
C610.	C854.1.
C610.	C866.
C610.	C891.1.
C610.	H1199.3.
C611.	C911.
C611.	C912.
C611.	C913.
C612.	C614.1.0.2.
C614.	Z211.
C614.1.0.2.	C612.
C615.2.	G308.4.
C615.3.	C751.
C616.	P320.
C617.	Q431.
C617.1.	H1561.2.3.
C619.2.	C841.4.
C619.4.	C181.
C621.	A878.
C621.	A1331.1.
C621.	A2234.2.
C621.	C225.
C621.	D1346.4.
C621.	D1346.6.
C621.1.	J165.
C622.	H411.4.
C623.	A920.1.8.1.
C623.	C315.4.
C623.	D926.
C623.1.	D1403.2.
C630.	C750.
C631.	A1751.1.1.
C631.	C58.
C631.	C886.
C631.	Q223.6.
C631.	Q552.14.
C631.	V71.
C631.2.	C832.
C641.	C856.
C641.1.	C751.
C643.	D1791.
C644.	F378.
C650.	M202.0.1.
C650.1.	P600.
C651.	C735.2.9.
C651.	F91.1.
C651.	F152.2.
C651.	H508.
C651.	H1388.
C651.	J21.6.
C651.	Q85.
C661.	C211.
C661.	C710.
C661.	F210.
C661.	F243.0.1.
C664.	C100.
C664.	T62.
C665.	D931.
C671.	D2084.1.
C681.	C566.
C681.	C885.
C682.	C671.
C684.	C750.
C684.3.	H1020.
C686.	C100.
C686.	T55.
C686.	T331.
C687.	C750.
C710.	C211.
C710.	C405.
C710.	C413.
C710.	C423.3.
C710.	C542.
C710.	C482.1.
C710.	C542.1.
C710.	C644.
C710.	F378.
C711.	C721.
C711.	B225.1.
C711.	F127.
C712.	C211.
C712.	C262.
C712.	C735.2.1.
C712.	C761.
C712.1.	C713.3.
C712.1.	C211.1.
C712.1.	C242.
C712.1.	F210.
C712.1.	F370.
C712.1.	F377.
C712.1.	F378.1.
C713.	B82.1.
C713.	T294.
C713.1.	D2006.2.
C713.1.	F382.
C713.1.	G304.2.4.1.
C713.1.	V50.
C713.3.	C712.1.
C713.3.	C761.2.
C713.4.	F813.1.1.
C714.1.	T111.1.
C715.	C400.
C715.	F370.
C721.	M120.
C721.	C711.
C721.	C858.
C721.	C891.
C721.1.	C755.
C722.	P632.5.
C722.	P672.2.
C722.1.	C755.
C726.1.	G303.25.5.
C735.1.	C755.
C735.1.	F564.1.
C735.1.1.	C565.
C735.1.2.	H1247.
C735.2.1.	C712.
C735.2.4.	C563.
C735.2.4.	C750.
C735.2.4.	C752.1.
C735.2.9.	C757.
C740.	B316.
C740.	C493.
C740.	C493.1.
C741.	E755.2.1.
C741.	Q561.2.
C742.	C762.
C742.	E11.1.
C742.1.	Z310.
C743.	P320.
C744.	C282.
C750.	C630.
C750.	C684.
C750.	C687.
C751.	C615.1.
C751.	C641.1.
C751.	C725.
C751.	C856.1.
C751.	N128.
C751.1.1.	C756.
C751.2.	C100.
C751.2.	C160.
C751.7.1.	C610.
C751.7.1.	C735.2.3.
C752.1.	C237.
C752.1.	C263.
C752.1.	C735.2.4.
C752.1.	C885.1.
C752.1.5.	C93.
C752.2.1.	E452.
C752.2.1.	E501.11.1.2.
C752.2.1.	F383.4.
C752.2.1.	F451.3.2.
C752.2.1.	G273.3.
C752.2.1.	G636.
C755.	C237.
C755.	C263.
C755.	C273.
C755.	C401.
C755.	C631.
C755.	C721.1.
C755.	C722.1.
C755.	C723.1.
C755.	C735.1.
C755.5.	C610.
C756.	C300.
C756.	C402.
C756.	C842.
C756.	C951.
C756.	T381.
C756.3.	C842.
C756.3.	C951.
C756.3.	T381.
C756.3.	T521.
C756.4.	Q499.6.
C757.	C735.2.8.
C757.	C735.2.9.
C757.	C761.4.1.
C757.	D806.1.
C757.2.	C32.
C757.2.	C32.1.
C757.2.	C321.2.
C757.2.	C421.
C757.2.	C761.2.
C757.2.	D721.3.
C757.2.	C423.3.
C758.1.	S223.
C758.1.	T548.1.
C758.1.	T553.
C761.3.	C32.
C761.3.	C712.
C761.3.	C713.3.
C761.3.	R221.
C761.4.	C712.
C761.4.1.	C735.2.9.
C761.4.1.	M151.5.
C761.4.2.	F162.
C762.	C742.
C762.1.	D877.
C762.1.	D2199.
C762.1.	J2071.
C762.1.	J2423.
C762.1.	J2424.
C762.2.	A2234.4.
C762.2.	D516.
C762.2.	E324.
C762.2.	E361.
C762.3.	B181.
C762.4.	D877.
C770.	C54.
C770.	C450.
C770.	L400.
C770.	L420.
C770.	Q331.
C770.	W116.
C771.1.	A1333.
C771.1.	C931.
C771.1.	C966.
C771.1.	F50.
C771.1.	F772.1.
C773.1.	C871.
C773.1.	J1512.
C773.1.	J2071.
C773.1.	J2500.
C773.1.	L210.
C773.1.	Q338.
C773.1.1.	D2100.2.
C776.	C897.
C782.2.	G200.
C784.	C784.1.
C784.	G200.
C810.	C742.
C810.	C745.
C811.2.	L215.
C820.	C420.
C822.	B51.
C822.	G681.
C822.	H541.1.
C822.	H761.
C824.	E400.
C832.	C631.2.
C833.	D2121.6.
C833.2.	H1400.
C833.2.	H1561.
C833.6.	C856.3.
C835.1.1.	C565.
C835.2.	C181.3.
C835.2.	D1080.
C835.2.1.	C921.
C835.2.1.	D1086.
C835.2.1.	D1402.8.3.
C835.2.1.	D1645.8.3.
C835.2.2.	C500.
C835.4.	C600.
C835.4.1.	F234.2.1.
C837.	D535.
C837.	D612.
C837.	D722.
C837.	D1209.1.
C841.	B2.
C841.	C221.1.
C841.0.1.	F111.2.1.
C841.1.	A1966.
C841.1.	C92.5.
C841.1.	N250.1.
C841.3.	C32.3.
C841.4.	C619.2.
C841.4.	M397.
C841.5.	D161.
C841.7.	B2.
C841.7.	C221.2.
C841.7.	E765.2.
C842.	C756.2.
C842.	T521.
C845.	C641.
C845.	C642.
C845.	C878.2.1.
C845.	P550.
C848.	C221.2.
C848.	C510.
C851.1.	F931.2.
C851.1.1.	C535.
C851.1.1.	F944.
C853.	P632.
C853.1.	C610.
C854.	D1791.
C854.2.	D1791.2.
C858.	C721.
C863.	F233.3.
C863.	F527.
C867.1.	C180.
C867.1.	S400.
C867.1.	T600.
C867.1.	W11.5.12.
C867.1.0.1.	C565.
C871.	C152.2.
C871.	M158.
C871.	M202.0.
C871.	M223.
C871.	P319.7.
C871.	W11.15.
C871.0.1.	C565.
C872.	P427.7.
C874.	C282.1.
C878.2.1.	C856.
C878.2.1.	P550.
C881.	Q312.
C882.	C300.
C884.2.	A920.1.6.
C885.	C681.
C885.1.	C752.1.
C885.2.	C118.
C891.	C720.
C891.2.	C610.
C891.2.	C565.
C900.	F361.
C900.	Q200.
C900.	Q400.
C901.	Q431.
C901.1.2.	D1711.4.
C901.1.2.	G583.
C901.1.2.	P427.
C901.1.3.	F301.
C901.1.3.1.	T55.
C901.1.4.	P320.
C901.1.5.	C841.2.
C901.1.5.	F361.
C901.1.6.	D1713.
C901.2.	T583.
C901.3.	D2060.
C901.3.	D2070.
C901.4.	T258.1.
C910.	A2231.3.
C910.	A2234.
C911.	C611.
C911.	D475.1.
C911.	D2100.
C912.	C611.
C912.	D475.1.10.
C912.	D1454.1.
C912.	D2100.
C913.	C813.
C913.	D474.1.
C913.	D1176.
C913.	D1654.3.
C915.1.1.	A1174.1.
C915.1.1.	A2003.
C915.1.1.	C322.1.
C915.2.	A1731.
C916.	D94.1.1.
C916.	D1793.
C916.	D2172.
C916.1.	C31.
C916.1.	C32.1.
C916.2.	A1731.
C916.2.	A2231.10.
C916.3.	A1115.2.
C916.3.	D1171.1.
C916.3.	D1601.10.1.
C916.3.	D1651.3.
C918.	C41.
C918.	F989.13.
C918.1.	D1652.3.
C920.	C822.
C920.	F361.12.
C920.	M101.3.
C920.	M370.
C920.	N101.2.
C920.	Q411.
C921.	C51.
C921.	C533.
C921.	C855.1.
C922.	C321.
C922.	D1355.
C922.	D1904.
C922.	F112.1.
C922.1.	K951.
C923.	A920.1.8.1.
C923.	A1018.
C923.	F933.6.1.
C923.	Q552.
C924.	C949.4.
C927.	Q414.
C927.2.	D2061.1.1.
C927.2.	F378.1.
C927.3.	C435.1.1.
C927.3.	F901.2.
C927.3.	K955.
C927.3.	M341.2.4.2.
C927.3.	Q562.2.
C928.	C949.1.
C929.1.	M438.
C929.1.	T55.
C930.	C841.0.1.
C930.	N558.
C930.	Q585.
C931.	C771.1.
C931.	Q552.14.
C932.	C31.
C932.	H1385.3.
C932.	H1385.4.
C933.1.	C229.2.
C934.2.	D2081.
C934.3.	F369.1.
C935.	C918.
C937.	C621.
C937.	A1331.
C938.	A1335.
C938.	P10.
C938.	Q552.3.
C939.3.	D1602.2.
C939.4.	A1101.1.
C940.	C31.
C940.	C311.
C940.	D1336.
C940.	D1837.
C940.	D2064.
C940.1.	C55.
C940.1.	D2064.1.
C940.1.	H1292.4.1.
C940.1.	V34.2.
C941.	F362.
C941.4.	Q552.10.
C941.4.	Q552.10.
C942.	D1336.
C942.	D1410.
C942.	D1837.
C942.	T583.1.
C942.	Z357.
C942.3.	B181.
C942.3.	C312.1.
C942.3.	F362.3.
C942.3.	F397.
C943.	C51.2.
C943.	C312.1.
C943.	C312.1.
C943.	C311.1.2.
C943.	C312.1.2.
C943.	D1331.2.
C943.	D2062.2.
C943.	F362.1.
C943.	Q451.7.
C943.1.	C331.
C944.	C311.1.4.
C944.	D2021.1.
C944.	Q451.3.
C945.	D1365.
C945.	D2000.
C946.1.	C520.
C947.	D1741.
C948.	D2062.
C948.	S160.
C948.4.	Q501.4.
C949.1.	C928.
C949.5.	C924.
C952.	A751.1.1.
C952.	C31.
C952.	C327.
C953.	C31.
C953.	C932.
C953.	F81.1.
C955.	F325.1.
C960.	D510.
C960.	D660.
C960.	F348.0.1.
C961.1.	C331.
C961.1.	F531.6.12.3.
C961.2.	C452.
C961.2.	C331.
C961.2.	D231.
C961.2.	F531.6.12.2.
C961.2.	G304.2.5.
C963.	C31.
C963.	C33.
C963.	C35.
C963.	C441.
C963.2.	T111.3.
C963.3.	D1962.6.1.
C966.	A1333.
C966.	C771.1.
C982.	N558.
C982.	D789.4.
C982.	C100.1.
C984.1.	C58.
C984.1.	D906.
C984.1.	D2141.
C984.1.	D2142.
C984.1.	D2143.
C984.3.	A920.1.8.1.
C984.3.	A1018.
C984.6.	A1030.
C984.7.	F941.2.2.
C985.1.	C94.3.
C986.1.	C25.1.
C986.1.	R13.
C987.	C940.
C987.	D1837.
C987.	M343.
C987.	Q556.
C987.	Z357.
C991.	H1200.
C993.	T550.
C994.	D2171.
C995.	D2063.2.
